-- MySQL dump 10.13  Distrib 5.5.43, for debian-linux-gnu (x86_64)
--
-- Host: localhost    Database: SPLUNK
-- ------------------------------------------------------
-- Server version	5.5.43-0ubuntu0.14.04.1

/*!40101 SET @OLD_CHARACTER_SET_CLIENT=@@CHARACTER_SET_CLIENT */;
/*!40101 SET @OLD_CHARACTER_SET_RESULTS=@@CHARACTER_SET_RESULTS */;
/*!40101 SET @OLD_COLLATION_CONNECTION=@@COLLATION_CONNECTION */;
/*!40101 SET NAMES utf8 */;
/*!40103 SET @OLD_TIME_ZONE=@@TIME_ZONE */;
/*!40103 SET TIME_ZONE='+00:00' */;
/*!40014 SET @OLD_UNIQUE_CHECKS=@@UNIQUE_CHECKS, UNIQUE_CHECKS=0 */;
/*!40014 SET @OLD_FOREIGN_KEY_CHECKS=@@FOREIGN_KEY_CHECKS, FOREIGN_KEY_CHECKS=0 */;
/*!40101 SET @OLD_SQL_MODE=@@SQL_MODE, SQL_MODE='NO_AUTO_VALUE_ON_ZERO' */;
/*!40111 SET @OLD_SQL_NOTES=@@SQL_NOTES, SQL_NOTES=0 */;

--
-- Table structure for table `COUNTRY`
--

DROP TABLE IF EXISTS `COUNTRY`;
/*!40101 SET @saved_cs_client     = @@character_set_client */;
/*!40101 SET character_set_client = utf8 */;
CREATE TABLE `COUNTRY` (
  `ID` bigint(20) NOT NULL AUTO_INCREMENT,
  `NAME` varchar(255) DEFAULT NULL,
  PRIMARY KEY (`ID`)
) ENGINE=InnoDB AUTO_INCREMENT=4 DEFAULT CHARSET=latin1;
/*!40101 SET character_set_client = @saved_cs_client */;

--
-- Dumping data for table `COUNTRY`
--

LOCK TABLES `COUNTRY` WRITE;
/*!40000 ALTER TABLE `COUNTRY` DISABLE KEYS */;
INSERT INTO `COUNTRY` VALUES (1,'UKR'),(2,'USA'),(3,'BEL');
/*!40000 ALTER TABLE `COUNTRY` ENABLE KEYS */;
UNLOCK TABLES;

--
-- Table structure for table `DEPARTMENT`
--

DROP TABLE IF EXISTS `DEPARTMENT`;
/*!40101 SET @saved_cs_client     = @@character_set_client */;
/*!40101 SET character_set_client = utf8 */;
CREATE TABLE `DEPARTMENT` (
  `ID` bigint(20) NOT NULL AUTO_INCREMENT,
  `NAME` varchar(255) DEFAULT NULL,
  `COUNTRY_ID` bigint(20) DEFAULT NULL,
  PRIMARY KEY (`ID`),
  KEY `FK_re0yqgk4xiiv56rk36htuhknp` (`COUNTRY_ID`),
  CONSTRAINT `FK_re0yqgk4xiiv56rk36htuhknp` FOREIGN KEY (`COUNTRY_ID`) REFERENCES `COUNTRY` (`ID`)
) ENGINE=InnoDB AUTO_INCREMENT=3 DEFAULT CHARSET=latin1;
/*!40101 SET character_set_client = @saved_cs_client */;

--
-- Dumping data for table `DEPARTMENT`
--

LOCK TABLES `DEPARTMENT` WRITE;
/*!40000 ALTER TABLE `DEPARTMENT` DISABLE KEYS */;
INSERT INTO `DEPARTMENT` VALUES (1,'SAMSUNG',NULL),(2,'SOFTINDUSTRY',NULL);
/*!40000 ALTER TABLE `DEPARTMENT` ENABLE KEYS */;
UNLOCK TABLES;

--
-- Table structure for table `EDC`
--

DROP TABLE IF EXISTS `EDC`;
/*!40101 SET @saved_cs_client     = @@character_set_client */;
/*!40101 SET character_set_client = utf8 */;
CREATE TABLE `EDC` (
  `ID` bigint(20) NOT NULL AUTO_INCREMENT,
  `ID_COUNTRY` bigint(20) NOT NULL,
  `ID_DEPARTMENT` bigint(20) NOT NULL,
  `ID_EMPLOYEE` bigint(20) NOT NULL,
  `COUNTRY_ID` bigint(20) NOT NULL,
  `DEPARTMENT_ID` bigint(20) NOT NULL,
  `name` varchar(255) DEFAULT NULL,
  PRIMARY KEY (`ID`),
  KEY `FK_ID_DEPARTMENT` (`ID_DEPARTMENT`),
  KEY `FK_ID_EMPLOYEE` (`ID_EMPLOYEE`),
  KEY `FK_qlukn037olybqvkfr8iibk24q` (`ID_COUNTRY`),
  CONSTRAINT `FK_ID_COUNTRY` FOREIGN KEY (`ID_COUNTRY`) REFERENCES `COUNTRY` (`ID`) ON DELETE CASCADE ON UPDATE CASCADE,
  CONSTRAINT `FK_ID_DEPARTMENT` FOREIGN KEY (`ID_DEPARTMENT`) REFERENCES `DEPARTMENT` (`ID`) ON DELETE CASCADE ON UPDATE CASCADE,
  CONSTRAINT `FK_ID_EMPLOYEE` FOREIGN KEY (`ID_EMPLOYEE`) REFERENCES `EMPLOYEE` (`ID`) ON DELETE CASCADE ON UPDATE CASCADE,
  CONSTRAINT `FK_qlukn037olybqvkfr8iibk24q` FOREIGN KEY (`ID_COUNTRY`) REFERENCES `EMPLOYEE` (`ID`)
) ENGINE=InnoDB AUTO_INCREMENT=19 DEFAULT CHARSET=latin1;
/*!40101 SET character_set_client = @saved_cs_client */;

--
-- Dumping data for table `EDC`
--

LOCK TABLES `EDC` WRITE;
/*!40000 ALTER TABLE `EDC` DISABLE KEYS */;
INSERT INTO `EDC` VALUES (3,1,1,2,0,0,NULL),(5,2,2,3,0,0,NULL),(6,2,2,1,0,0,NULL),(7,1,2,1,0,0,NULL),(8,2,2,4,0,0,NULL),(9,3,1,1,0,0,NULL),(10,3,1,2,0,0,NULL),(12,3,1,4,0,0,NULL),(13,3,1,5,0,0,NULL),(14,3,2,1,0,0,NULL),(15,3,2,2,0,0,NULL),(16,3,2,3,0,0,NULL),(17,3,2,4,0,0,NULL),(18,3,2,5,0,0,NULL);
/*!40000 ALTER TABLE `EDC` ENABLE KEYS */;
UNLOCK TABLES;

--
-- Table structure for table `EMPLOYEE`
--

DROP TABLE IF EXISTS `EMPLOYEE`;
/*!40101 SET @saved_cs_client     = @@character_set_client */;
/*!40101 SET character_set_client = utf8 */;
CREATE TABLE `EMPLOYEE` (
  `ID` bigint(20) NOT NULL AUTO_INCREMENT,
  `NAME` varchar(255) DEFAULT NULL,
  PRIMARY KEY (`ID`)
) ENGINE=InnoDB AUTO_INCREMENT=6 DEFAULT CHARSET=latin1;
/*!40101 SET character_set_client = @saved_cs_client */;

--
-- Dumping data for table `EMPLOYEE`
--

LOCK TABLES `EMPLOYEE` WRITE;
/*!40000 ALTER TABLE `EMPLOYEE` DISABLE KEYS */;
INSERT INTO `EMPLOYEE` VALUES (1,'BOB'),(2,'JON'),(3,'BILL'),(4,'TOM'),(5,'STIV');
/*!40000 ALTER TABLE `EMPLOYEE` ENABLE KEYS */;
UNLOCK TABLES;

--
-- Table structure for table `GRADE_A`
--

DROP TABLE IF EXISTS `GRADE_A`;
/*!40101 SET @saved_cs_client     = @@character_set_client */;
/*!40101 SET character_set_client = utf8 */;
CREATE TABLE `GRADE_A` (
  `id` bigint(20) unsigned NOT NULL AUTO_INCREMENT,
  `CODE` varchar(100) COLLATE latin1_general_ci NOT NULL,
  PRIMARY KEY (`id`),
  UNIQUE KEY `CODE` (`CODE`)
) ENGINE=InnoDB DEFAULT CHARSET=latin1 COLLATE=latin1_general_ci;
/*!40101 SET character_set_client = @saved_cs_client */;

--
-- Dumping data for table `GRADE_A`
--

LOCK TABLES `GRADE_A` WRITE;
/*!40000 ALTER TABLE `GRADE_A` DISABLE KEYS */;
/*!40000 ALTER TABLE `GRADE_A` ENABLE KEYS */;
UNLOCK TABLES;

--
-- Table structure for table `GRADE_A_B`
--

DROP TABLE IF EXISTS `GRADE_A_B`;
/*!40101 SET @saved_cs_client     = @@character_set_client */;
/*!40101 SET character_set_client = utf8 */;
CREATE TABLE `GRADE_A_B` (
  `id` bigint(20) unsigned NOT NULL AUTO_INCREMENT,
  `CODE_A` varchar(100) COLLATE latin1_general_ci NOT NULL,
  `CODE_B` varchar(100) COLLATE latin1_general_ci NOT NULL,
  `ID_A` bigint(20) unsigned NOT NULL,
  `ID_B` bigint(20) unsigned NOT NULL,
  PRIMARY KEY (`id`),
  KEY `ID_A` (`ID_A`),
  KEY `ID_B` (`ID_B`),
  CONSTRAINT `GRADE_A_B_ibfk_1` FOREIGN KEY (`ID_A`) REFERENCES `GRADE_A` (`id`) ON DELETE CASCADE ON UPDATE CASCADE,
  CONSTRAINT `GRADE_A_B_ibfk_2` FOREIGN KEY (`ID_B`) REFERENCES `GRADE_B` (`id`) ON DELETE CASCADE ON UPDATE CASCADE
) ENGINE=InnoDB DEFAULT CHARSET=latin1 COLLATE=latin1_general_ci;
/*!40101 SET character_set_client = @saved_cs_client */;

--
-- Dumping data for table `GRADE_A_B`
--

LOCK TABLES `GRADE_A_B` WRITE;
/*!40000 ALTER TABLE `GRADE_A_B` DISABLE KEYS */;
/*!40000 ALTER TABLE `GRADE_A_B` ENABLE KEYS */;
UNLOCK TABLES;

--
-- Table structure for table `GRADE_B`
--

DROP TABLE IF EXISTS `GRADE_B`;
/*!40101 SET @saved_cs_client     = @@character_set_client */;
/*!40101 SET character_set_client = utf8 */;
CREATE TABLE `GRADE_B` (
  `id` bigint(20) unsigned NOT NULL AUTO_INCREMENT,
  `CODE` varchar(100) COLLATE latin1_general_ci NOT NULL,
  PRIMARY KEY (`id`),
  UNIQUE KEY `CODE` (`CODE`)
) ENGINE=InnoDB DEFAULT CHARSET=latin1 COLLATE=latin1_general_ci;
/*!40101 SET character_set_client = @saved_cs_client */;

--
-- Dumping data for table `GRADE_B`
--

LOCK TABLES `GRADE_B` WRITE;
/*!40000 ALTER TABLE `GRADE_B` DISABLE KEYS */;
/*!40000 ALTER TABLE `GRADE_B` ENABLE KEYS */;
UNLOCK TABLES;

--
-- Table structure for table `INVOICE`
--

DROP TABLE IF EXISTS `INVOICE`;
/*!40101 SET @saved_cs_client     = @@character_set_client */;
/*!40101 SET character_set_client = utf8 */;
CREATE TABLE `INVOICE` (
  `ID` bigint(20) NOT NULL AUTO_INCREMENT,
  `TRANSACTION_ID` bigint(20) DEFAULT NULL,
  `BALANCE` double DEFAULT NULL,
  `COMMENT` varchar(255) DEFAULT NULL,
  `DATE` timestamp NOT NULL DEFAULT CURRENT_TIMESTAMP ON UPDATE CURRENT_TIMESTAMP,
  PRIMARY KEY (`ID`)
) ENGINE=InnoDB AUTO_INCREMENT=1497 DEFAULT CHARSET=latin1;
/*!40101 SET character_set_client = @saved_cs_client */;

--
-- Dumping data for table `INVOICE`
--

LOCK TABLES `INVOICE` WRITE;
/*!40000 ALTER TABLE `INVOICE` DISABLE KEYS */;
INSERT INTO `INVOICE` VALUES (921,10,9,'pool-6-thread-1:+','2015-02-20 12:52:01'),(922,9,8,'pool-2-thread-9','2015-02-20 12:52:01'),(923,8,7,'pool-2-thread-8','2015-02-20 12:52:01'),(924,7,6,'pool-2-thread-7','2015-02-20 12:52:01'),(925,6,5,'pool-2-thread-6','2015-02-20 12:52:01'),(926,5,4,'pool-2-thread-5','2015-02-20 12:52:01'),(927,4,3,'pool-2-thread-4','2015-02-20 12:52:01'),(928,3,2,'pool-2-thread-3','2015-02-20 12:52:01'),(929,2,1,'pool-2-thread-2','2015-02-20 12:52:01'),(930,1,0,'pool-2-thread-1','2015-02-20 12:52:01'),(931,4,4,'pool-3-thread-5','2015-02-20 14:49:51'),(932,5,3,'pool-3-thread-4','2015-02-20 14:49:51'),(933,2,6,'pool-3-thread-7','2015-02-20 14:49:51'),(934,7,1,'pool-3-thread-2','2015-02-20 14:49:51'),(935,10,2,'pool-3-thread-3','2015-02-20 14:49:51'),(936,9,7,'pool-3-thread-8','2015-02-20 14:49:51'),(937,3,5,'pool-3-thread-6','2015-02-20 14:49:51'),(938,8,0,'pool-3-thread-1','2015-02-20 14:49:51'),(939,1,8,'pool-3-thread-9','2015-02-20 14:49:51'),(940,6,9,'pool-3-thread-10','2015-02-20 14:49:51'),(941,6,7,'pool-3-thread-8','2015-02-20 14:52:32'),(942,7,3,'pool-3-thread-4','2015-02-20 14:52:32'),(943,9,2,'pool-3-thread-3','2015-02-20 14:52:32'),(944,3,8,'pool-3-thread-9','2015-02-20 14:52:32'),(945,1,0,'pool-3-thread-1','2015-02-20 14:52:32'),(946,5,6,'pool-3-thread-7','2015-02-20 14:52:32'),(947,2,1,'pool-3-thread-2','2015-02-20 14:52:32'),(948,8,9,'pool-3-thread-10','2015-02-20 14:52:32'),(949,4,5,'pool-3-thread-6','2015-02-20 14:52:32'),(950,10,4,'pool-3-thread-5','2015-02-20 14:52:32'),(951,1,0,'pool-3-thread-1','2015-02-20 15:20:47'),(952,1,0,'pool-3-thread-1','2015-02-20 15:22:23'),(953,1,0,'pool-3-thread-1','2015-02-20 15:27:18'),(954,1,0,'pool-3-thread-1','2015-02-20 15:31:52'),(955,1,0,'pool-3-thread-1','2015-02-20 15:33:44'),(956,1,0,'pool-3-thread-1','2015-02-20 15:35:57'),(957,1,0,'pool-3-thread-1','2015-02-20 15:37:38'),(958,1,0,'pool-3-thread-1','2015-02-20 15:38:29'),(959,1,0,'pool-3-thread-1','2015-02-20 15:38:56'),(960,1,0,'pool-3-thread-1','2015-02-20 15:41:01'),(961,1,0,'pool-3-thread-1','2015-02-20 15:42:45'),(962,1,0,'pool-3-thread-1','2015-02-20 15:46:57'),(963,1,0,'pool-3-thread-1','2015-02-25 14:48:35'),(964,1,0,'pool-3-thread-1','2015-02-25 14:51:34'),(965,10,9,'pool-2-thread-10','2015-02-25 15:13:58'),(966,9,8,'pool-2-thread-9','2015-02-25 15:13:58'),(967,8,7,'pool-2-thread-8','2015-02-25 15:13:58'),(968,7,6,'pool-2-thread-7','2015-02-25 15:13:58'),(969,6,5,'pool-2-thread-6','2015-02-25 15:13:58'),(970,5,4,'pool-2-thread-5','2015-02-25 15:13:58'),(971,4,3,'pool-2-thread-4','2015-02-25 15:13:58'),(972,3,2,'pool-2-thread-3','2015-02-25 15:13:58'),(973,2,1,'pool-2-thread-2','2015-02-25 15:13:58'),(974,1,0,'pool-2-thread-1','2015-02-25 15:13:58'),(975,10,9,'pool-2-thread-1','2015-02-25 15:14:09'),(976,9,8,'pool-2-thread-2','2015-02-25 15:14:09'),(977,8,7,'pool-2-thread-3','2015-02-25 15:14:09'),(978,7,6,'pool-2-thread-4','2015-02-25 15:14:09'),(979,6,5,'pool-2-thread-5','2015-02-25 15:14:09'),(980,5,4,'pool-2-thread-6','2015-02-25 15:14:09'),(981,4,3,'pool-2-thread-7','2015-02-25 15:14:09'),(982,3,2,'pool-2-thread-8','2015-02-25 15:14:09'),(983,2,1,'pool-2-thread-9','2015-02-25 15:14:09'),(984,1,0,'pool-2-thread-10','2015-02-25 15:14:09'),(985,10,9,'pool-2-thread-10','2015-02-25 15:15:33'),(986,9,8,'pool-2-thread-9','2015-02-25 15:15:33'),(987,8,7,'pool-2-thread-8','2015-02-25 15:15:33'),(988,7,6,'pool-2-thread-7','2015-02-25 15:15:33'),(989,6,5,'pool-2-thread-6','2015-02-25 15:15:33'),(990,5,4,'pool-2-thread-5','2015-02-25 15:15:33'),(991,4,3,'pool-2-thread-4','2015-02-25 15:15:33'),(992,3,2,'pool-2-thread-3','2015-02-25 15:15:33'),(993,2,1,'pool-2-thread-2','2015-02-25 15:15:33'),(994,1,0,'pool-2-thread-1','2015-02-25 15:15:32'),(995,10,9,'pool-2-thread-1','2015-02-25 15:15:35'),(996,9,8,'pool-2-thread-2','2015-02-25 15:15:35'),(997,8,7,'pool-2-thread-3','2015-02-25 15:15:35'),(998,7,6,'pool-2-thread-4','2015-02-25 15:15:34'),(999,6,5,'pool-2-thread-5','2015-02-25 15:15:34'),(1000,5,4,'pool-2-thread-6','2015-02-25 15:15:34'),(1001,4,3,'pool-2-thread-7','2015-02-25 15:15:34'),(1002,3,2,'pool-2-thread-8','2015-02-25 15:15:34'),(1003,2,1,'pool-2-thread-9','2015-02-25 15:15:34'),(1004,1,0,'pool-2-thread-10','2015-02-25 15:15:34'),(1005,10,9,'pool-2-thread-10','2015-02-25 15:54:23'),(1006,9,8,'pool-2-thread-9','2015-02-25 15:54:23'),(1007,8,7,'pool-2-thread-8','2015-02-25 15:54:23'),(1008,7,6,'pool-2-thread-7','2015-02-25 15:54:23'),(1009,6,5,'pool-2-thread-6','2015-02-25 15:54:23'),(1010,5,4,'pool-2-thread-5','2015-02-25 15:54:23'),(1011,4,3,'pool-2-thread-4','2015-02-25 15:54:23'),(1012,3,2,'pool-2-thread-3','2015-02-25 15:54:23'),(1013,2,1,'pool-2-thread-2','2015-02-25 15:54:23'),(1014,1,0,'pool-2-thread-1','2015-02-25 15:54:23'),(1015,10,9,'pool-2-thread-1','2015-02-25 15:54:34'),(1016,9,8,'pool-2-thread-2','2015-02-25 15:54:34'),(1017,8,7,'pool-2-thread-3','2015-02-25 15:54:34'),(1018,7,6,'pool-2-thread-4','2015-02-25 15:54:34'),(1019,6,5,'pool-2-thread-5','2015-02-25 15:54:34'),(1020,5,4,'pool-2-thread-6','2015-02-25 15:54:34'),(1021,4,3,'pool-2-thread-7','2015-02-25 15:54:34'),(1022,3,2,'pool-2-thread-8','2015-02-25 15:54:34'),(1023,2,1,'pool-2-thread-9','2015-02-25 15:54:34'),(1024,1,0,'pool-2-thread-10','2015-02-25 15:54:34'),(1025,10,9,'pool-2-thread-10','2015-02-25 15:56:56'),(1026,9,8,'pool-2-thread-9','2015-02-25 15:56:56'),(1027,8,7,'pool-2-thread-8','2015-02-25 15:56:56'),(1028,7,6,'pool-2-thread-7','2015-02-25 15:56:56'),(1029,6,5,'pool-2-thread-6','2015-02-25 15:56:56'),(1030,5,4,'pool-2-thread-5','2015-02-25 15:56:56'),(1031,4,3,'pool-2-thread-4','2015-02-25 15:56:56'),(1032,3,2,'pool-2-thread-3','2015-02-25 15:56:56'),(1033,2,1,'pool-2-thread-2','2015-02-25 15:56:56'),(1034,10,9,'pool-2-thread-10','2015-02-25 15:57:43'),(1035,9,8,'pool-2-thread-9','2015-02-25 15:57:43'),(1036,8,7,'pool-2-thread-8','2015-02-25 15:57:43'),(1037,7,6,'pool-2-thread-7','2015-02-25 15:57:43'),(1038,6,5,'pool-2-thread-6','2015-02-25 15:57:43'),(1039,5,4,'pool-2-thread-5','2015-02-25 15:57:43'),(1040,4,3,'pool-2-thread-4','2015-02-25 15:57:43'),(1041,10,9,'pool-2-thread-10','2015-02-25 15:59:28'),(1042,9,8,'pool-2-thread-9','2015-02-25 15:59:28'),(1043,8,7,'pool-2-thread-8','2015-02-25 15:59:28'),(1044,7,6,'pool-2-thread-7','2015-02-25 15:59:28'),(1045,6,5,'pool-2-thread-6','2015-02-25 15:59:28'),(1046,5,4,'pool-2-thread-5','2015-02-25 15:59:28'),(1047,4,3,'pool-2-thread-4','2015-02-25 15:59:28'),(1048,3,2,'pool-2-thread-3','2015-02-25 15:59:28'),(1049,2,1,'pool-2-thread-2','2015-02-25 15:59:28'),(1050,1,0,'pool-2-thread-1','2015-02-25 15:59:28'),(1051,10,9,'pool-2-thread-1','2015-02-25 15:59:39'),(1052,9,8,'pool-2-thread-2','2015-02-25 15:59:39'),(1053,8,7,'pool-2-thread-3','2015-02-25 15:59:39'),(1054,7,6,'pool-2-thread-4','2015-02-25 15:59:39'),(1055,6,5,'pool-2-thread-5','2015-02-25 15:59:39'),(1056,5,4,'pool-2-thread-6','2015-02-25 15:59:39'),(1057,10,9,'pool-2-thread-10','2015-02-25 15:59:51'),(1058,9,8,'pool-2-thread-9','2015-02-25 15:59:51'),(1059,8,7,'pool-2-thread-8','2015-02-25 15:59:51'),(1060,7,6,'pool-2-thread-7','2015-02-25 15:59:51'),(1061,6,5,'pool-2-thread-6','2015-02-25 15:59:51'),(1062,5,4,'pool-2-thread-5','2015-02-25 15:59:51'),(1063,4,3,'pool-2-thread-4','2015-02-25 15:59:51'),(1064,3,2,'pool-2-thread-3','2015-02-25 15:59:51'),(1065,2,1,'pool-2-thread-2','2015-02-25 15:59:51'),(1066,1,0,'pool-2-thread-1','2015-02-25 15:59:51'),(1067,10,9,'pool-2-thread-10','2015-02-25 16:00:32'),(1068,9,8,'pool-2-thread-9','2015-02-25 16:00:32'),(1069,8,7,'pool-2-thread-8','2015-02-25 16:00:32'),(1070,7,6,'pool-2-thread-7','2015-02-25 16:00:32'),(1071,6,5,'pool-2-thread-6','2015-02-25 16:00:32'),(1072,5,4,'pool-2-thread-5','2015-02-25 16:00:32'),(1073,4,3,'pool-2-thread-4','2015-02-25 16:00:32'),(1074,3,2,'pool-2-thread-3','2015-02-25 16:00:32'),(1075,2,1,'pool-2-thread-2','2015-02-25 16:00:32'),(1076,1,0,'pool-2-thread-1','2015-02-25 16:00:31'),(1077,10,9,'pool-2-thread-1','2015-02-25 16:00:43'),(1078,9,8,'pool-2-thread-2','2015-02-25 16:00:43'),(1079,10,9,'pool-2-thread-10','2015-02-25 16:01:08'),(1080,9,8,'pool-2-thread-9','2015-02-25 16:01:08'),(1081,8,7,'pool-2-thread-8','2015-02-25 16:01:08'),(1082,7,6,'pool-2-thread-7','2015-02-25 16:01:08'),(1083,6,5,'pool-2-thread-6','2015-02-25 16:01:08'),(1084,5,4,'pool-2-thread-5','2015-02-25 16:01:08'),(1085,4,3,'pool-2-thread-4','2015-02-25 16:01:08'),(1086,3,2,'pool-2-thread-3','2015-02-25 16:01:08'),(1087,2,1,'pool-2-thread-2','2015-02-25 16:01:08'),(1088,1,0,'pool-2-thread-1','2015-02-25 16:01:08'),(1089,10,9,'pool-2-thread-1','2015-02-25 16:01:19'),(1090,9,8,'pool-2-thread-2','2015-02-25 16:01:19'),(1091,10,9,'pool-2-thread-10','2015-02-25 16:01:41'),(1092,9,8,'pool-2-thread-9','2015-02-25 16:01:41'),(1093,8,7,'pool-2-thread-8','2015-02-25 16:01:41'),(1094,7,6,'pool-2-thread-7','2015-02-25 16:01:41'),(1095,6,5,'pool-2-thread-6','2015-02-25 16:01:41'),(1096,5,4,'pool-2-thread-5','2015-02-25 16:01:40'),(1097,4,3,'pool-2-thread-4','2015-02-25 16:01:40'),(1098,3,2,'pool-2-thread-3','2015-02-25 16:01:40'),(1099,2,1,'pool-2-thread-2','2015-02-25 16:01:40'),(1100,1,0,'pool-2-thread-1','2015-02-25 16:01:40'),(1101,10,9,'pool-2-thread-1','2015-02-25 16:01:51'),(1102,9,8,'pool-2-thread-2','2015-02-25 16:01:51'),(1103,8,7,'pool-2-thread-3','2015-02-25 16:01:51'),(1104,7,6,'pool-2-thread-4','2015-02-25 16:01:51'),(1105,6,5,'pool-2-thread-5','2015-02-25 16:01:51'),(1106,5,4,'pool-2-thread-6','2015-02-25 16:01:51'),(1107,4,3,'pool-2-thread-7','2015-02-25 16:01:51'),(1108,3,2,'pool-2-thread-8','2015-02-25 16:01:51'),(1109,2,1,'pool-2-thread-9','2015-02-25 16:01:51'),(1110,1,0,'pool-2-thread-10','2015-02-25 16:01:51'),(1111,10,9,'pool-2-thread-10','2015-02-25 16:02:08'),(1112,9,8,'pool-2-thread-9','2015-02-25 16:02:08'),(1113,8,7,'pool-2-thread-8','2015-02-25 16:02:08'),(1114,7,6,'pool-2-thread-7','2015-02-25 16:02:08'),(1115,6,5,'pool-2-thread-6','2015-02-25 16:02:08'),(1116,5,4,'pool-2-thread-5','2015-02-25 16:02:08'),(1117,4,3,'pool-2-thread-4','2015-02-25 16:02:08'),(1118,3,2,'pool-2-thread-3','2015-02-25 16:02:08'),(1119,2,1,'pool-2-thread-2','2015-02-25 16:02:08'),(1120,1,0,'pool-2-thread-1','2015-02-25 16:02:08'),(1121,10,9,'pool-2-thread-1','2015-02-25 16:02:19'),(1122,9,8,'pool-2-thread-2','2015-02-25 16:02:19'),(1123,8,7,'pool-2-thread-3','2015-02-25 16:02:19'),(1124,7,6,'pool-2-thread-4','2015-02-25 16:02:19'),(1125,6,5,'pool-2-thread-5','2015-02-25 16:02:19'),(1126,5,4,'pool-2-thread-6','2015-02-25 16:02:19'),(1127,4,3,'pool-2-thread-7','2015-02-25 16:02:19'),(1128,3,2,'pool-2-thread-8','2015-02-25 16:02:19'),(1129,2,1,'pool-2-thread-9','2015-02-25 16:02:19'),(1130,1,0,'pool-2-thread-10','2015-02-25 16:02:19'),(1131,1,0,'pool-3-thread-1','2015-02-25 16:03:48'),(1132,1,0,'pool-3-thread-1','2015-02-25 16:04:20'),(1133,1,0,'pool-3-thread-1','2015-02-25 16:10:05'),(1134,10,9,'pool-3-thread-10','2015-02-26 09:23:16'),(1135,9,8,'pool-3-thread-9','2015-02-26 09:23:16'),(1136,8,7,'pool-3-thread-8','2015-02-26 09:23:16'),(1137,7,6,'pool-3-thread-7','2015-02-26 09:23:16'),(1138,6,5,'pool-3-thread-6','2015-02-26 09:23:16'),(1139,5,4,'pool-3-thread-5','2015-02-26 09:23:16'),(1140,4,3,'pool-3-thread-4','2015-02-26 09:23:16'),(1141,3,2,'pool-3-thread-3','2015-02-26 09:23:16'),(1142,2,1,'pool-3-thread-2','2015-02-26 09:23:16'),(1143,1,0,'pool-3-thread-1','2015-02-26 09:23:16'),(1154,3,2,'pool-3-thread-3','2015-02-26 09:36:56'),(1155,2,1,'pool-3-thread-2','2015-02-26 09:36:56'),(1156,1,0,'pool-3-thread-1','2015-02-26 09:36:56'),(1157,4,3,'pool-3-thread-4','2015-02-26 09:36:56'),(1158,6,5,'pool-3-thread-6','2015-02-26 09:36:56'),(1159,5,4,'pool-3-thread-5','2015-02-26 09:36:56'),(1160,7,6,'pool-3-thread-7','2015-02-26 09:36:56'),(1161,8,7,'pool-3-thread-8','2015-02-26 09:36:56'),(1162,9,8,'pool-3-thread-9','2015-02-26 09:36:56'),(1163,10,9,'pool-3-thread-10','2015-02-26 09:36:56'),(1164,1,0,'pool-4-thread-1','2015-02-26 09:39:29'),(1165,1,0,'pool-4-thread-1','2015-02-26 09:40:34'),(1166,1,0,'pool-4-thread-1','2015-02-26 10:05:52'),(1167,1,0,'pool-2-thread-1','2015-02-26 10:16:48'),(1168,1,0,'pool-2-thread-1','2015-02-26 10:17:56'),(1169,1,0,'pool-2-thread-1','2015-02-26 10:35:27'),(1170,1,0,'pool-2-thread-1','2015-02-26 10:38:00'),(1171,1,0,'pool-2-thread-1','2015-02-26 10:40:26'),(1172,1,0,'pool-2-thread-1','2015-02-26 10:41:20'),(1173,1,0,'pool-2-thread-1','2015-02-26 10:42:09'),(1174,1,0,'pool-2-thread-1','2015-02-26 10:45:14'),(1175,1,0,'pool-2-thread-1','2015-02-26 10:46:02'),(1176,1,0,'pool-2-thread-1','2015-02-26 10:47:06'),(1177,1,0,'pool-2-thread-1','2015-02-26 10:47:36'),(1178,1,0,'pool-2-thread-1','2015-02-26 10:52:43'),(1179,1,0,'pool-2-thread-1','2015-02-26 10:53:57'),(1180,1,0,'pool-2-thread-1','2015-02-26 10:56:41'),(1181,1,0,'pool-2-thread-1','2015-02-26 10:56:50'),(1182,1,0,'pool-2-thread-1','2015-02-26 11:00:45'),(1183,1,0,'pool-2-thread-1','2015-02-26 11:01:14'),(1184,1,0,'pool-2-thread-1','2015-02-26 11:03:06'),(1185,1,0,'pool-2-thread-1','2015-02-26 11:03:33'),(1186,1,0,'pool-2-thread-1','2015-02-26 11:03:50'),(1187,1,0,'pool-2-thread-1','2015-02-26 11:04:17'),(1188,1,0,'pool-2-thread-1','2015-02-26 11:04:40'),(1189,1,0,'pool-2-thread-1','2015-02-26 11:04:59'),(1190,1,0,'pool-2-thread-1','2015-02-26 11:05:18'),(1191,1,0,'pool-2-thread-1','2015-02-26 11:05:51'),(1192,1,0,'pool-2-thread-1','2015-02-26 11:06:24'),(1193,1,0,'pool-2-thread-1','2015-02-26 11:06:51'),(1194,1,0,'pool-6-thread-1','2015-02-26 11:09:32'),(1195,1,0,'pool-6-thread-1','2015-02-26 11:11:51'),(1196,1,0,'pool-6-thread-1','2015-02-26 11:18:51'),(1197,1,0,'pool-6-thread-1','2015-02-26 11:20:15'),(1198,1,0,'pool-6-thread-1','2015-02-26 11:22:51'),(1199,1,0,'pool-6-thread-1','2015-02-26 11:24:01'),(1200,1,0,'pool-6-thread-1','2015-02-26 11:39:58'),(1201,1,0,'pool-6-thread-1','2015-02-26 11:41:14'),(1202,1,0,'pool-6-thread-1','2015-02-26 11:41:54'),(1203,1,0,'pool-6-thread-1','2015-02-26 11:44:06'),(1204,1,0,'pool-6-thread-1','2015-02-26 11:45:20'),(1205,6,5,'pool-4-thread-6','2015-02-26 11:53:42'),(1206,3,2,'pool-4-thread-3','2015-02-26 11:53:42'),(1207,10,9,'pool-4-thread-10','2015-02-26 11:53:42'),(1208,7,6,'pool-4-thread-7','2015-02-26 11:53:42'),(1209,4,3,'pool-4-thread-4','2015-02-26 11:53:42'),(1210,2,1,'pool-4-thread-2','2015-02-26 11:53:42'),(1211,5,4,'pool-4-thread-5','2015-02-26 11:53:42'),(1212,9,8,'pool-4-thread-9','2015-02-26 11:53:42'),(1213,8,7,'pool-4-thread-8','2015-02-26 11:53:42'),(1214,1,0,'pool-4-thread-1','2015-02-26 11:53:41'),(1215,1,0,'pool-4-thread-10','2015-02-26 11:53:52'),(1216,2,1,'pool-4-thread-9','2015-02-26 11:53:52'),(1217,3,2,'pool-4-thread-8','2015-02-26 11:53:52'),(1218,4,3,'pool-4-thread-7','2015-02-26 11:53:52'),(1219,5,4,'pool-4-thread-6','2015-02-26 11:53:52'),(1220,6,5,'pool-4-thread-5','2015-02-26 11:53:52'),(1221,7,6,'pool-4-thread-4','2015-02-26 11:53:52'),(1222,8,7,'pool-4-thread-3','2015-02-26 11:53:52'),(1223,9,8,'pool-4-thread-2','2015-02-26 11:53:52'),(1224,10,9,'pool-4-thread-1','2015-02-26 11:53:52'),(1225,1,0,'pool-4-thread-1','2015-02-26 11:58:04'),(1226,6,5,'pool-4-thread-6','2015-02-26 11:58:04'),(1227,8,7,'pool-4-thread-8','2015-02-26 11:58:04'),(1228,2,1,'pool-4-thread-2','2015-02-26 11:58:04'),(1229,9,8,'pool-4-thread-9','2015-02-26 11:58:04'),(1230,10,9,'pool-4-thread-10','2015-02-26 11:58:04'),(1231,3,2,'pool-4-thread-3','2015-02-26 11:58:04'),(1232,7,6,'pool-4-thread-7','2015-02-26 11:58:04'),(1233,4,3,'pool-4-thread-4','2015-02-26 11:58:04'),(1234,5,4,'pool-4-thread-5','2015-02-26 11:58:04'),(1235,1,0,'pool-4-thread-10','2015-02-26 11:58:15'),(1236,2,1,'pool-4-thread-9','2015-02-26 11:58:15'),(1237,3,2,'pool-4-thread-8','2015-02-26 11:58:15'),(1238,4,3,'pool-4-thread-7','2015-02-26 11:58:15'),(1239,5,4,'pool-4-thread-6','2015-02-26 11:58:15'),(1240,6,5,'pool-4-thread-5','2015-02-26 11:58:15'),(1241,7,6,'pool-4-thread-4','2015-02-26 11:58:15'),(1242,8,7,'pool-4-thread-3','2015-02-26 11:58:15'),(1243,9,8,'pool-4-thread-2','2015-02-26 11:58:15'),(1244,10,9,'pool-4-thread-1','2015-02-26 11:58:15'),(1245,1,0,'pool-5-thread-1','2015-02-26 11:59:04'),(1246,2,1,'pool-5-thread-2','2015-02-26 11:59:09'),(1247,3,2,'pool-5-thread-3','2015-02-26 11:59:13'),(1248,4,3,'pool-5-thread-4','2015-02-26 11:59:13'),(1249,5,4,'pool-5-thread-5','2015-02-26 11:59:13'),(1250,6,5,'pool-5-thread-6','2015-02-26 11:59:13'),(1251,7,6,'pool-5-thread-7','2015-02-26 11:59:13'),(1252,8,7,'pool-5-thread-8','2015-02-26 11:59:13'),(1253,9,8,'pool-5-thread-9','2015-02-26 11:59:13'),(1254,10,9,'pool-5-thread-10','2015-02-26 11:59:13'),(1255,1,0,'pool-5-thread-1','2015-02-26 12:02:16'),(1256,2,1,'pool-5-thread-2','2015-02-26 12:02:16'),(1257,3,2,'pool-5-thread-3','2015-02-26 12:02:16'),(1258,4,3,'pool-5-thread-4','2015-02-26 12:02:16'),(1259,5,4,'pool-5-thread-5','2015-02-26 12:02:16'),(1260,6,5,'pool-5-thread-6','2015-02-26 12:02:16'),(1261,7,6,'pool-5-thread-7','2015-02-26 12:02:16'),(1262,8,7,'pool-5-thread-8','2015-02-26 12:02:16'),(1263,9,8,'pool-5-thread-9','2015-02-26 12:02:16'),(1264,10,9,'pool-5-thread-10','2015-02-26 12:02:16'),(1265,1,0,'pool-5-thread-1','2015-02-26 12:03:35'),(1266,2,1,'pool-5-thread-2','2015-02-26 12:03:35'),(1267,3,2,'pool-5-thread-3','2015-02-26 12:03:35'),(1268,4,3,'pool-5-thread-4','2015-02-26 12:03:35'),(1269,5,4,'pool-5-thread-5','2015-02-26 12:03:35'),(1270,6,5,'pool-5-thread-6','2015-02-26 12:03:35'),(1271,7,6,'pool-5-thread-7','2015-02-26 12:03:35'),(1272,8,7,'pool-5-thread-8','2015-02-26 12:03:35'),(1273,9,8,'pool-5-thread-9','2015-02-26 12:03:35'),(1274,10,9,'pool-5-thread-10','2015-02-26 12:03:35'),(1281,1,0,'pool-5-thread-1','2015-02-26 12:08:08'),(1282,2,1,'pool-5-thread-2','2015-02-26 12:08:08'),(1283,3,2,'pool-5-thread-3','2015-02-26 12:08:08'),(1284,4,3,'pool-5-thread-4','2015-02-26 12:08:08'),(1285,5,4,'pool-5-thread-5','2015-02-26 12:08:08'),(1286,6,5,'pool-5-thread-6','2015-02-26 12:08:08'),(1287,7,6,'pool-5-thread-7','2015-02-26 12:08:08'),(1288,8,7,'pool-5-thread-8','2015-02-26 12:08:08'),(1289,9,8,'pool-5-thread-9','2015-02-26 12:08:08'),(1290,10,9,'pool-5-thread-10','2015-02-26 12:08:08'),(1291,9,8,'pool-4-thread-9','2015-02-27 14:22:04'),(1292,1,0,'pool-4-thread-1','2015-02-27 14:22:04'),(1293,3,2,'pool-4-thread-3','2015-02-27 14:22:04'),(1294,5,4,'pool-4-thread-5','2015-02-27 14:22:04'),(1295,8,7,'pool-4-thread-8','2015-02-27 14:22:04'),(1296,4,3,'pool-4-thread-4','2015-02-27 14:22:04'),(1297,2,1,'pool-4-thread-2','2015-02-27 14:22:04'),(1298,6,5,'pool-4-thread-6','2015-02-27 14:22:04'),(1299,10,9,'pool-4-thread-10','2015-02-27 14:22:04'),(1300,7,6,'pool-4-thread-7','2015-02-27 14:22:04'),(1301,1,0,'pool-4-thread-10','2015-02-27 14:22:15'),(1302,2,1,'pool-4-thread-9','2015-02-27 14:22:15'),(1303,3,2,'pool-4-thread-8','2015-02-27 14:22:15'),(1304,4,3,'pool-4-thread-7','2015-02-27 14:22:15'),(1305,5,4,'pool-4-thread-6','2015-02-27 14:22:15'),(1306,6,5,'pool-4-thread-5','2015-02-27 14:22:15'),(1307,7,6,'pool-4-thread-4','2015-02-27 14:22:15'),(1308,8,7,'pool-4-thread-3','2015-02-27 14:22:15'),(1309,9,8,'pool-4-thread-2','2015-02-27 14:22:15'),(1310,10,9,'pool-4-thread-1','2015-02-27 14:22:15'),(1311,1,0,'pool-4-thread-1','2015-02-27 16:05:24'),(1312,2,1,'pool-4-thread-2','2015-02-27 16:05:24'),(1313,3,2,'pool-4-thread-3','2015-02-27 16:05:24'),(1314,4,3,'pool-4-thread-4','2015-02-27 16:05:24'),(1315,5,4,'pool-4-thread-5','2015-02-27 16:05:24'),(1316,6,5,'pool-4-thread-6','2015-02-27 16:05:24'),(1317,7,6,'pool-4-thread-7','2015-02-27 16:05:24'),(1318,8,7,'pool-4-thread-8','2015-02-27 16:05:24'),(1319,9,8,'pool-4-thread-9','2015-02-27 16:05:24'),(1320,10,9,'pool-4-thread-10','2015-02-27 16:05:24'),(1321,1,0,'pool-4-thread-10','2015-02-27 16:05:35'),(1322,2,1,'pool-4-thread-9','2015-02-27 16:05:35'),(1323,3,2,'pool-4-thread-8','2015-02-27 16:05:35'),(1324,4,3,'pool-4-thread-7','2015-02-27 16:05:35'),(1325,5,4,'pool-4-thread-6','2015-02-27 16:05:35'),(1326,6,5,'pool-4-thread-5','2015-02-27 16:05:35'),(1327,7,6,'pool-4-thread-4','2015-02-27 16:05:35'),(1328,8,7,'pool-4-thread-3','2015-02-27 16:05:35'),(1329,9,8,'pool-4-thread-2','2015-02-27 16:05:35'),(1330,10,9,'pool-4-thread-1','2015-02-27 16:05:35'),(1331,1,0,'pool-4-thread-1','2015-02-27 16:07:53'),(1332,2,1,'pool-4-thread-2','2015-02-27 16:07:58'),(1333,3,2,'pool-4-thread-3','2015-02-27 16:07:58'),(1334,4,3,'pool-4-thread-4','2015-02-27 16:07:58'),(1335,5,4,'pool-4-thread-5','2015-02-27 16:07:58'),(1336,6,5,'pool-4-thread-6','2015-02-27 16:07:58'),(1337,7,6,'pool-4-thread-7','2015-02-27 16:07:58'),(1338,8,7,'pool-4-thread-8','2015-02-27 16:07:58'),(1339,9,8,'pool-4-thread-9','2015-02-27 16:07:58'),(1340,10,9,'pool-4-thread-10','2015-02-27 16:07:58'),(1341,1,0,'pool-4-thread-10','2015-02-27 16:08:09'),(1342,2,1,'pool-4-thread-9','2015-02-27 16:08:09'),(1343,3,2,'pool-4-thread-8','2015-02-27 16:08:09'),(1344,4,3,'pool-4-thread-7','2015-02-27 16:08:09'),(1345,5,4,'pool-4-thread-6','2015-02-27 16:08:09'),(1346,6,5,'pool-4-thread-5','2015-02-27 16:08:09'),(1347,7,6,'pool-4-thread-4','2015-02-27 16:08:09'),(1348,8,7,'pool-4-thread-3','2015-02-27 16:08:09'),(1349,9,8,'pool-4-thread-2','2015-02-27 16:08:09'),(1350,10,9,'pool-4-thread-1','2015-02-27 16:08:09'),(1351,1,0,'pool-4-thread-1','2015-02-27 16:10:07'),(1352,2,1,'pool-4-thread-2','2015-02-27 16:10:07'),(1353,3,2,'pool-4-thread-3','2015-02-27 16:10:07'),(1354,4,3,'pool-4-thread-4','2015-02-27 16:10:07'),(1355,5,4,'pool-4-thread-5','2015-02-27 16:10:07'),(1356,6,5,'pool-4-thread-6','2015-02-27 16:10:07'),(1357,7,6,'pool-4-thread-7','2015-02-27 16:10:07'),(1358,8,7,'pool-4-thread-8','2015-02-27 16:10:07'),(1359,9,8,'pool-4-thread-9','2015-02-27 16:10:07'),(1360,10,9,'pool-4-thread-10','2015-02-27 16:10:07'),(1361,1,0,'pool-4-thread-10','2015-02-27 16:10:18'),(1362,2,1,'pool-4-thread-9','2015-02-27 16:10:18'),(1363,3,2,'pool-4-thread-8','2015-02-27 16:10:18'),(1364,4,3,'pool-4-thread-7','2015-02-27 16:10:18'),(1365,5,4,'pool-4-thread-6','2015-02-27 16:10:18'),(1366,6,5,'pool-4-thread-5','2015-02-27 16:10:18'),(1367,7,6,'pool-4-thread-4','2015-02-27 16:10:18'),(1368,8,7,'pool-4-thread-3','2015-02-27 16:10:18'),(1369,9,8,'pool-4-thread-2','2015-02-27 16:10:18'),(1370,10,9,'pool-4-thread-1','2015-02-27 16:10:18'),(1371,1,0,'pool-5-thread-1','2015-02-27 16:38:28'),(1372,2,1,'pool-5-thread-2','2015-02-27 16:38:28'),(1373,3,2,'pool-5-thread-3','2015-02-27 16:38:28'),(1374,4,3,'pool-5-thread-4','2015-02-27 16:38:28'),(1375,5,4,'pool-5-thread-5','2015-02-27 16:38:28'),(1376,6,5,'pool-5-thread-6','2015-02-27 16:38:28'),(1377,7,6,'pool-5-thread-7','2015-02-27 16:38:28'),(1378,8,7,'pool-5-thread-8','2015-02-27 16:38:28'),(1379,9,8,'pool-5-thread-9','2015-02-27 16:38:28'),(1380,10,9,'pool-5-thread-10','2015-02-27 16:38:28'),(1381,1,0,'pool-5-thread-1','2015-02-27 16:39:09'),(1382,2,1,'pool-5-thread-2','2015-02-27 16:39:09'),(1383,3,2,'pool-5-thread-3','2015-02-27 16:39:09'),(1384,4,3,'pool-5-thread-4','2015-02-27 16:39:09'),(1385,5,4,'pool-5-thread-5','2015-02-27 16:39:09'),(1386,6,5,'pool-5-thread-6','2015-02-27 16:39:09'),(1387,7,6,'pool-5-thread-7','2015-02-27 16:39:09'),(1388,8,7,'pool-5-thread-8','2015-02-27 16:39:09'),(1389,9,8,'pool-5-thread-9','2015-02-27 16:39:09'),(1390,10,9,'pool-5-thread-10','2015-02-27 16:39:09'),(1391,1,0,'pool-5-thread-1','2015-02-27 16:40:44'),(1392,2,1,'pool-5-thread-2','2015-02-27 16:41:04'),(1393,3,2,'pool-5-thread-3','2015-02-27 16:41:05'),(1394,4,3,'pool-5-thread-4','2015-02-27 16:41:05'),(1395,5,4,'pool-5-thread-5','2015-02-27 16:41:05'),(1396,6,5,'pool-5-thread-6','2015-02-27 16:41:05'),(1397,7,6,'pool-5-thread-7','2015-02-27 16:41:05'),(1398,8,7,'pool-5-thread-8','2015-02-27 16:41:05'),(1399,9,8,'pool-5-thread-9','2015-02-27 16:41:05'),(1400,10,9,'pool-5-thread-10','2015-02-27 16:41:05'),(1401,1,0,'pool-5-thread-1','2015-02-27 16:43:00'),(1402,2,1,'pool-5-thread-2','2015-02-27 16:43:00'),(1403,3,2,'pool-5-thread-3','2015-02-27 16:43:00'),(1404,4,3,'pool-5-thread-4','2015-02-27 16:43:00'),(1405,5,4,'pool-5-thread-5','2015-02-27 16:43:00'),(1406,6,5,'pool-5-thread-6','2015-02-27 16:43:00'),(1407,7,6,'pool-5-thread-7','2015-02-27 16:43:00'),(1408,8,7,'pool-5-thread-8','2015-02-27 16:43:00'),(1409,9,8,'pool-5-thread-9','2015-02-27 16:43:00'),(1410,10,9,'pool-5-thread-10','2015-02-27 16:43:00'),(1411,1,0,'pool-5-thread-1','2015-02-27 16:47:10'),(1412,2,1,'pool-5-thread-2','2015-02-27 16:47:10'),(1413,3,2,'pool-5-thread-3','2015-02-27 16:47:10'),(1414,4,3,'pool-5-thread-4','2015-02-27 16:47:10'),(1415,5,4,'pool-5-thread-5','2015-02-27 16:47:10'),(1416,6,5,'pool-5-thread-6','2015-02-27 16:47:10'),(1417,7,6,'pool-5-thread-7','2015-02-27 16:47:10'),(1418,8,7,'pool-5-thread-8','2015-02-27 16:47:10'),(1419,9,8,'pool-5-thread-9','2015-02-27 16:47:10'),(1420,10,9,'pool-5-thread-10','2015-02-27 16:47:10'),(1421,1,0,'pool-6-thread-1','2015-03-02 08:38:12'),(1422,1,0,'pool-6-thread-1','2015-03-02 08:56:18'),(1423,1,0,'pool-2-thread-1','2015-03-02 09:22:33'),(1424,1,0,'pool-6-thread-1','2015-03-02 09:23:15'),(1425,1,0,'pool-6-thread-1','2015-03-02 09:30:42'),(1426,1,0,'pool-2-thread-1','2015-03-02 09:50:54'),(1427,1,0,'pool-2-thread-1','2015-03-02 10:24:32'),(1428,1,0,'pool-2-thread-1','2015-03-03 08:02:33'),(1429,1,0,'pool-2-thread-1','2015-03-03 08:03:26'),(1430,1,0,'pool-2-thread-1','2015-03-03 08:04:24'),(1431,1,0,'pool-2-thread-1','2015-03-03 08:05:24'),(1432,1,0,'pool-2-thread-1','2015-03-03 08:05:55'),(1433,1,0,'pool-2-thread-1','2015-03-03 08:07:43'),(1434,1,0,'pool-2-thread-1','2015-03-03 08:09:33'),(1435,1,0,'pool-2-thread-1','2015-03-03 08:10:04'),(1436,1,0,'pool-2-thread-1','2015-03-03 08:12:06'),(1437,1,0,'pool-2-thread-1','2015-03-03 08:15:01'),(1438,1,0,'pool-2-thread-1','2015-03-03 08:16:50'),(1439,1,0,'pool-2-thread-1','2015-03-03 08:18:16'),(1440,1,0,'pool-2-thread-1','2015-03-03 08:36:01'),(1441,1,0,'pool-2-thread-1','2015-03-03 08:36:55'),(1442,1,0,'pool-2-thread-1','2015-03-03 08:37:58'),(1443,1,0,'pool-2-thread-1','2015-03-03 08:39:08'),(1444,1,0,'pool-2-thread-1','2015-03-03 08:40:12'),(1445,1,0,'pool-2-thread-1','2015-03-03 08:41:46'),(1446,1,0,'pool-2-thread-1','2015-03-03 08:42:29'),(1447,1,0,'pool-2-thread-1','2015-03-03 08:43:44'),(1448,1,0,'pool-2-thread-1','2015-03-03 08:46:02'),(1450,1,0,'pool-2-thread-1','2015-03-03 08:49:29'),(1451,1,0,'pool-2-thread-1','2015-03-03 08:51:06'),(1453,1,0,'pool-2-thread-1','2015-03-03 09:30:32'),(1454,1,0,'pool-6-thread-1:-','2015-03-03 09:31:03'),(1455,1,0,'pool-4-thread-1','2015-04-02 10:53:56'),(1456,1,0,'pool-4-thread-1','2015-04-02 10:56:28'),(1457,1,0,'pool-2-thread-1','2015-04-02 10:58:23'),(1458,1,0,'pool-2-thread-1','2015-04-02 10:59:24'),(1459,1,0,'pool-2-thread-1','2015-04-02 11:05:00'),(1460,1,0,'pool-2-thread-1','2015-04-02 11:07:57'),(1461,1,0,'pool-2-thread-1','2015-04-02 11:17:26'),(1462,1,0,'pool-2-thread-1','2015-04-02 11:20:29'),(1463,1,0,'pool-2-thread-1','2015-04-02 11:21:49'),(1464,1,0,'pool-2-thread-1','2015-04-02 11:23:40'),(1465,1,0,'pool-2-thread-1','2015-04-02 11:25:17'),(1466,1,0,'pool-2-thread-1','2015-04-02 11:28:19'),(1467,1,0,'pool-2-thread-1','2015-04-02 11:29:34'),(1468,1,0,'pool-2-thread-1','2015-04-02 11:30:12'),(1469,1,0,'pool-7-thread-10:+','2015-04-02 11:33:11'),(1470,1,0,'pool-4-thread-1','2015-05-13 15:40:28'),(1471,1,0,'pool-4-thread-1','2015-05-13 15:43:42'),(1472,1,0,'pool-4-thread-1','2015-05-13 15:48:27'),(1473,1,0,'pool-4-thread-1','2015-05-13 15:49:12'),(1474,1,0,'pool-4-thread-1','2015-05-13 15:53:18'),(1475,1,0,'pool-10-thread-10:-','2015-05-22 09:06:25'),(1476,1,0,'pool-6-thread-1','2015-06-18 13:05:50'),(1478,1,0,'pool-6-thread-1','2015-06-18 13:06:41'),(1479,2,0,'pool-6-thread-1','2015-06-18 13:06:52'),(1480,3,0,'pool-6-thread-1','2015-06-18 13:07:02'),(1481,4,0,'pool-6-thread-1','2015-06-18 13:07:11'),(1482,5,0,'pool-6-thread-1','2015-06-18 13:07:19'),(1483,6,0,'pool-6-thread-1','2015-06-18 13:07:26'),(1484,7,0,'pool-6-thread-1','2015-06-18 13:07:32'),(1485,1,0,'pool-8-thread-1','2015-06-18 14:07:03'),(1486,1,0,'pool-8-thread-1','2015-06-18 14:08:20'),(1487,1,0,'pool-8-thread-1','2015-06-18 14:09:36'),(1488,1,0,'pool-8-thread-1','2015-06-18 14:17:46'),(1489,1,0,'pool-8-thread-1','2015-06-18 14:19:53'),(1490,1,0,'pool-8-thread-1','2015-06-22 06:58:04'),(1491,1,0,'pool-8-thread-1','2015-06-22 06:58:31'),(1492,1,0,'pool-8-thread-1','2015-06-22 06:58:43'),(1493,1,0,'pool-8-thread-1','2015-06-22 06:59:20'),(1494,1,0,'pool-8-thread-1','2015-06-22 06:59:31'),(1495,1,0,'pool-8-thread-1','2015-06-22 07:06:57'),(1496,1,0,'pool-4-thread-1, 10000 :+','2015-06-22 07:07:08');
/*!40000 ALTER TABLE `INVOICE` ENABLE KEYS */;
UNLOCK TABLES;

--
-- Table structure for table `INVOICE_DATE`
--

DROP TABLE IF EXISTS `INVOICE_DATE`;
/*!40101 SET @saved_cs_client     = @@character_set_client */;
/*!40101 SET character_set_client = utf8 */;
CREATE TABLE `INVOICE_DATE` (
  `ID` bigint(20) NOT NULL AUTO_INCREMENT,
  `TRANSACTION_ID` bigint(20) DEFAULT NULL,
  `VERSION` timestamp NOT NULL DEFAULT CURRENT_TIMESTAMP ON UPDATE CURRENT_TIMESTAMP,
  `BALANCE` double DEFAULT NULL,
  `COMMENT` varchar(255) DEFAULT NULL,
  `DATE` timestamp NOT NULL DEFAULT '0000-00-00 00:00:00',
  PRIMARY KEY (`ID`)
) ENGINE=InnoDB AUTO_INCREMENT=559 DEFAULT CHARSET=latin1;
/*!40101 SET character_set_client = @saved_cs_client */;

--
-- Dumping data for table `INVOICE_DATE`
--

LOCK TABLES `INVOICE_DATE` WRITE;
/*!40000 ALTER TABLE `INVOICE_DATE` DISABLE KEYS */;
INSERT INTO `INVOICE_DATE` VALUES (101,303,'2015-06-18 13:25:46',96,'pool-2-thread-14','2015-02-18 11:35:22'),(102,305,'2015-06-18 13:25:46',94,'pool-2-thread-55','2015-02-18 11:35:22'),(103,311,'2015-06-18 13:25:46',89,'pool-2-thread-82','2015-02-18 11:35:22'),(104,306,'2015-06-18 13:25:46',93,'pool-2-thread-65','2015-02-18 11:35:22'),(105,308,'2015-06-18 13:25:46',92,'pool-2-thread-75','2015-02-18 11:35:22'),(106,312,'2015-06-18 13:25:46',88,'pool-2-thread-47','2015-02-18 11:35:22'),(107,307,'2015-06-18 13:25:46',99,'pool-2-thread-40','2015-02-18 11:35:22'),(108,330,'2015-06-18 13:25:46',70,'pool-2-thread-19','2015-02-18 11:35:22'),(109,333,'2015-06-18 13:25:46',67,'pool-2-thread-79','2015-02-18 11:35:22'),(110,331,'2015-06-18 13:25:46',69,'pool-2-thread-91','2015-02-18 11:35:22'),(111,316,'2015-06-18 13:25:46',84,'pool-2-thread-95','2015-02-18 11:35:22'),(112,325,'2015-06-18 13:25:46',75,'pool-2-thread-70','2015-02-18 11:35:22'),(113,321,'2015-06-18 13:25:46',79,'pool-2-thread-36','2015-02-18 11:35:22'),(114,329,'2015-06-18 13:25:46',71,'pool-2-thread-54','2015-02-18 11:35:22'),(115,327,'2015-06-18 13:25:46',73,'pool-2-thread-30','2015-02-18 11:35:22'),(116,310,'2015-06-18 13:25:46',90,'pool-2-thread-29','2015-02-18 11:35:22'),(117,346,'2015-06-18 13:25:46',54,'pool-2-thread-5','2015-02-18 11:35:22'),(118,323,'2015-06-18 13:25:46',77,'pool-2-thread-72','2015-02-18 11:35:22'),(119,320,'2015-06-18 13:25:46',80,'pool-2-thread-76','2015-02-18 11:35:22'),(120,319,'2015-06-18 13:25:46',81,'pool-2-thread-3','2015-02-18 11:35:22'),(121,335,'2015-06-18 13:25:46',65,'pool-2-thread-88','2015-02-18 11:35:22'),(122,324,'2015-06-18 13:25:46',76,'pool-2-thread-67','2015-02-18 11:35:22'),(123,326,'2015-06-18 13:25:46',74,'pool-2-thread-21','2015-02-18 11:35:22'),(124,336,'2015-06-18 13:25:46',64,'pool-2-thread-50','2015-02-18 11:35:22'),(125,322,'2015-06-18 13:25:46',78,'pool-2-thread-80','2015-02-18 11:35:22'),(126,328,'2015-06-18 13:25:46',72,'pool-2-thread-51','2015-02-18 11:35:22'),(127,314,'2015-06-18 13:25:46',86,'pool-2-thread-31','2015-02-18 11:35:22'),(128,304,'2015-06-18 13:25:46',95,'pool-2-thread-62','2015-02-18 11:35:22'),(129,351,'2015-06-18 13:25:46',49,'pool-2-thread-59','2015-02-18 11:35:22'),(130,348,'2015-06-18 13:25:46',52,'pool-2-thread-93','2015-02-18 11:35:22'),(131,360,'2015-06-18 13:25:46',40,'pool-2-thread-99','2015-02-18 11:35:22'),(132,363,'2015-06-18 13:25:46',37,'pool-2-thread-53','2015-02-18 11:35:22'),(133,365,'2015-06-18 13:25:46',35,'pool-2-thread-57','2015-02-18 11:35:22'),(134,362,'2015-06-18 13:25:46',38,'pool-2-thread-37','2015-02-18 11:35:22'),(135,366,'2015-06-18 13:25:46',34,'pool-2-thread-46','2015-02-18 11:35:22'),(136,355,'2015-06-18 13:25:46',45,'pool-2-thread-16','2015-02-18 11:35:22'),(137,313,'2015-06-18 13:25:46',87,'pool-2-thread-34','2015-02-18 11:35:22'),(138,361,'2015-06-18 13:25:46',39,'pool-2-thread-24','2015-02-18 11:35:22'),(139,315,'2015-06-18 13:25:46',85,'pool-2-thread-45','2015-02-18 11:35:22'),(140,354,'2015-06-18 13:25:46',46,'pool-2-thread-63','2015-02-18 11:35:22'),(141,344,'2015-06-18 13:25:46',56,'pool-2-thread-28','2015-02-18 11:35:22'),(142,359,'2015-06-18 13:25:46',41,'pool-2-thread-38','2015-02-18 11:35:22'),(143,357,'2015-06-18 13:25:46',43,'pool-2-thread-43','2015-02-18 11:35:22'),(144,317,'2015-06-18 13:25:46',83,'pool-2-thread-56','2015-02-18 11:35:22'),(145,309,'2015-06-18 13:25:46',91,'pool-2-thread-90','2015-02-18 11:35:22'),(146,353,'2015-06-18 13:25:46',47,'pool-2-thread-2','2015-02-18 11:35:22'),(147,318,'2015-06-18 13:25:46',82,'pool-2-thread-85','2015-02-18 11:35:22'),(148,352,'2015-06-18 13:25:46',48,'pool-2-thread-39','2015-02-18 11:35:22'),(149,343,'2015-06-18 13:25:46',57,'pool-2-thread-94','2015-02-18 11:35:22'),(150,356,'2015-06-18 13:25:46',44,'pool-2-thread-69','2015-02-18 11:35:22'),(151,358,'2015-06-18 13:25:46',42,'pool-2-thread-78','2015-02-18 11:35:22'),(152,349,'2015-06-18 13:25:46',51,'pool-2-thread-25','2015-02-18 11:35:22'),(153,301,'2015-06-18 13:25:46',98,'pool-2-thread-1','2015-02-18 11:35:22'),(154,364,'2015-06-18 13:25:46',36,'pool-2-thread-84','2015-02-18 11:35:22'),(155,350,'2015-06-18 13:25:46',50,'pool-2-thread-41','2015-02-18 11:35:22'),(156,332,'2015-06-18 13:25:46',68,'pool-2-thread-89','2015-02-18 11:35:22'),(157,347,'2015-06-18 13:25:46',53,'pool-2-thread-61','2015-02-18 11:35:22'),(158,345,'2015-06-18 13:25:46',55,'pool-2-thread-74','2015-02-18 11:35:22'),(159,334,'2015-06-18 13:25:46',66,'pool-2-thread-12','2015-02-18 11:35:22'),(160,302,'2015-06-18 13:25:46',97,'pool-2-thread-22','2015-02-18 11:35:22'),(161,342,'2015-06-18 13:25:46',58,'pool-2-thread-49','2015-02-18 11:35:22'),(162,370,'2015-06-18 13:25:46',30,'pool-2-thread-7','2015-02-18 11:35:22'),(163,371,'2015-06-18 13:25:46',29,'pool-2-thread-64','2015-02-18 11:35:22'),(164,377,'2015-06-18 13:25:46',23,'pool-2-thread-87','2015-02-18 11:35:22'),(165,376,'2015-06-18 13:25:46',24,'pool-2-thread-33','2015-02-18 11:35:22'),(166,399,'2015-06-18 13:25:46',1,'pool-2-thread-68','2015-02-18 11:35:22'),(167,375,'2015-06-18 13:25:46',25,'pool-2-thread-52','2015-02-18 11:35:22'),(168,372,'2015-06-18 13:25:46',28,'pool-2-thread-83','2015-02-18 11:35:22'),(169,368,'2015-06-18 13:25:46',32,'pool-2-thread-58','2015-02-18 11:35:22'),(170,367,'2015-06-18 13:25:46',33,'pool-2-thread-20','2015-02-18 11:35:22'),(171,378,'2015-06-18 13:25:46',22,'pool-2-thread-71','2015-02-18 11:35:22'),(172,369,'2015-06-18 13:25:46',31,'pool-2-thread-15','2015-02-18 11:35:22'),(173,394,'2015-06-18 13:25:46',6,'pool-2-thread-73','2015-02-18 11:35:22'),(174,392,'2015-06-18 13:25:46',8,'pool-2-thread-97','2015-02-18 11:35:22'),(175,395,'2015-06-18 13:25:46',5,'pool-2-thread-27','2015-02-18 11:35:22'),(176,397,'2015-06-18 13:25:46',3,'pool-2-thread-86','2015-02-18 11:35:22'),(177,339,'2015-06-18 13:25:46',61,'pool-2-thread-42','2015-02-18 11:35:22'),(178,382,'2015-06-18 13:25:46',18,'pool-2-thread-9','2015-02-18 11:35:22'),(179,393,'2015-06-18 13:25:46',7,'pool-2-thread-98','2015-02-18 11:35:22'),(180,385,'2015-06-18 13:25:46',15,'pool-2-thread-6','2015-02-18 11:35:22'),(181,337,'2015-06-18 13:25:46',63,'pool-2-thread-81','2015-02-18 11:35:22'),(182,340,'2015-06-18 13:25:46',60,'pool-2-thread-11','2015-02-18 11:35:22'),(183,341,'2015-06-18 13:25:46',59,'pool-2-thread-66','2015-02-18 11:35:22'),(184,386,'2015-06-18 13:25:46',14,'pool-2-thread-100','2015-02-18 11:35:22'),(185,387,'2015-06-18 13:25:46',13,'pool-2-thread-4','2015-02-18 11:35:22'),(186,390,'2015-06-18 13:25:46',10,'pool-2-thread-77','2015-02-18 11:35:22'),(187,391,'2015-06-18 13:25:46',9,'pool-2-thread-35','2015-02-18 11:35:22'),(188,383,'2015-06-18 13:25:46',17,'pool-2-thread-96','2015-02-18 11:35:22'),(189,379,'2015-06-18 13:25:46',21,'pool-2-thread-10','2015-02-18 11:35:22'),(190,384,'2015-06-18 13:25:46',16,'pool-2-thread-23','2015-02-18 11:35:22'),(191,338,'2015-06-18 13:25:46',62,'pool-2-thread-13','2015-02-18 11:35:22'),(192,396,'2015-06-18 13:25:46',4,'pool-2-thread-44','2015-02-18 11:35:22'),(193,389,'2015-06-18 13:25:46',11,'pool-2-thread-26','2015-02-18 11:35:22'),(194,381,'2015-06-18 13:25:46',19,'pool-2-thread-60','2015-02-18 11:35:22'),(195,374,'2015-06-18 13:25:46',26,'pool-2-thread-92','2015-02-18 11:35:22'),(196,373,'2015-06-18 13:25:46',27,'pool-2-thread-48','2015-02-18 11:35:22'),(197,388,'2015-06-18 13:25:46',12,'pool-2-thread-32','2015-02-18 11:35:22'),(198,398,'2015-06-18 13:25:46',2,'pool-2-thread-18','2015-02-18 11:35:22'),(199,380,'2015-06-18 13:25:46',20,'pool-2-thread-17','2015-02-18 11:35:22'),(200,400,'2015-06-18 13:25:46',0,'pool-2-thread-8','2015-02-18 11:35:22'),(201,410,'2015-06-18 13:25:46',90,'pool-2-thread-99','2015-02-18 11:35:23'),(202,407,'2015-06-18 13:25:46',98,'pool-2-thread-2','2015-02-18 11:35:23'),(203,408,'2015-06-18 13:25:46',92,'pool-2-thread-22','2015-02-18 11:35:23'),(204,402,'2015-06-18 13:25:46',97,'pool-2-thread-75','2015-02-18 11:35:23'),(205,436,'2015-06-18 13:25:46',64,'pool-2-thread-34','2015-02-18 11:35:23'),(206,440,'2015-06-18 13:25:46',60,'pool-2-thread-24','2015-02-18 11:35:23'),(207,446,'2015-06-18 13:25:46',54,'pool-2-thread-20','2015-02-18 11:35:23'),(208,430,'2015-06-18 13:25:46',70,'pool-2-thread-9','2015-02-18 11:35:23'),(209,443,'2015-06-18 13:25:46',57,'pool-2-thread-62','2015-02-18 11:35:23'),(210,425,'2015-06-18 13:25:46',75,'pool-2-thread-48','2015-02-18 11:35:23'),(211,429,'2015-06-18 13:25:46',71,'pool-2-thread-57','2015-02-18 11:35:23'),(212,461,'2015-06-18 13:25:46',39,'pool-2-thread-55','2015-02-18 11:35:23'),(213,445,'2015-06-18 13:25:46',55,'pool-2-thread-21','2015-02-18 11:35:23'),(214,419,'2015-06-18 13:25:46',81,'pool-2-thread-28','2015-02-18 11:35:23'),(215,458,'2015-06-18 13:25:46',42,'pool-2-thread-60','2015-02-18 11:35:23'),(216,462,'2015-06-18 13:25:46',38,'pool-2-thread-27','2015-02-18 11:35:23'),(217,447,'2015-06-18 13:25:46',53,'pool-2-thread-58','2015-02-18 11:35:23'),(218,420,'2015-06-18 13:25:46',80,'pool-2-thread-25','2015-02-18 11:35:23'),(219,426,'2015-06-18 13:25:46',74,'pool-2-thread-78','2015-02-18 11:35:23'),(220,456,'2015-06-18 13:25:46',44,'pool-2-thread-56','2015-02-18 11:35:23'),(221,433,'2015-06-18 13:25:46',67,'pool-2-thread-95','2015-02-18 11:35:23'),(222,465,'2015-06-18 13:25:46',35,'pool-2-thread-96','2015-02-18 11:35:23'),(223,434,'2015-06-18 13:25:46',66,'pool-2-thread-17','2015-02-18 11:35:23'),(224,466,'2015-06-18 13:25:46',34,'pool-2-thread-53','2015-02-18 11:35:23'),(225,475,'2015-06-18 13:25:46',25,'pool-2-thread-79','2015-02-18 11:35:23'),(226,428,'2015-06-18 13:25:46',72,'pool-2-thread-98','2015-02-18 11:35:23'),(227,431,'2015-06-18 13:25:46',69,'pool-2-thread-23','2015-02-18 11:35:23'),(228,488,'2015-06-18 13:25:46',12,'pool-2-thread-10','2015-02-18 11:35:23'),(229,455,'2015-06-18 13:25:46',45,'pool-2-thread-70','2015-02-18 11:35:23'),(230,411,'2015-06-18 13:25:46',89,'pool-2-thread-63','2015-02-18 11:35:23'),(231,418,'2015-06-18 13:25:46',82,'pool-2-thread-50','2015-02-18 11:35:23'),(232,405,'2015-06-18 13:25:46',94,'pool-2-thread-16','2015-02-18 11:35:23'),(233,432,'2015-06-18 13:25:46',68,'pool-2-thread-5','2015-02-18 11:35:23'),(234,413,'2015-06-18 13:25:46',87,'pool-2-thread-49','2015-02-18 11:35:23'),(235,487,'2015-06-18 13:25:46',13,'pool-2-thread-91','2015-02-18 11:35:23'),(236,469,'2015-06-18 13:25:46',31,'pool-2-thread-15','2015-02-18 11:35:23'),(237,479,'2015-06-18 13:25:46',21,'pool-2-thread-4','2015-02-18 11:35:23'),(238,478,'2015-06-18 13:25:46',22,'pool-2-thread-8','2015-02-18 11:35:23'),(239,477,'2015-06-18 13:25:46',23,'pool-2-thread-81','2015-02-18 11:35:23'),(240,474,'2015-06-18 13:25:46',26,'pool-2-thread-37','2015-02-18 11:35:23'),(241,480,'2015-06-18 13:25:46',20,'pool-2-thread-33','2015-02-18 11:35:23'),(242,498,'2015-06-18 13:25:46',2,'pool-2-thread-43','2015-02-18 11:35:23'),(243,500,'2015-06-18 13:25:46',0,'pool-2-thread-14','2015-02-18 11:35:23'),(244,481,'2015-06-18 13:25:46',19,'pool-2-thread-52','2015-02-18 11:35:23'),(245,499,'2015-06-18 13:25:46',1,'pool-2-thread-76','2015-02-18 11:35:23'),(246,496,'2015-06-18 13:25:46',4,'pool-2-thread-46','2015-02-18 11:35:23'),(247,472,'2015-06-18 13:25:46',28,'pool-2-thread-100','2015-02-18 11:35:23'),(248,490,'2015-06-18 13:25:46',10,'pool-2-thread-77','2015-02-18 11:35:23'),(249,497,'2015-06-18 13:25:46',3,'pool-2-thread-83','2015-02-18 11:35:23'),(250,415,'2015-06-18 13:25:46',85,'pool-2-thread-47','2015-02-18 11:35:23'),(251,467,'2015-06-18 13:25:46',33,'pool-2-thread-82','2015-02-18 11:35:23'),(252,489,'2015-06-18 13:25:46',11,'pool-2-thread-85','2015-02-18 11:35:23'),(253,486,'2015-06-18 13:25:46',14,'pool-2-thread-67','2015-02-18 11:35:23'),(254,471,'2015-06-18 13:25:46',29,'pool-2-thread-66','2015-02-18 11:35:23'),(255,416,'2015-06-18 13:25:46',84,'pool-2-thread-89','2015-02-18 11:35:23'),(256,493,'2015-06-18 13:25:46',7,'pool-2-thread-69','2015-02-18 11:35:23'),(257,484,'2015-06-18 13:25:46',16,'pool-2-thread-26','2015-02-18 11:35:23'),(258,495,'2015-06-18 13:25:46',5,'pool-2-thread-35','2015-02-18 11:35:23'),(259,482,'2015-06-18 13:25:46',18,'pool-2-thread-30','2015-02-18 11:35:23'),(260,483,'2015-06-18 13:25:46',17,'pool-2-thread-42','2015-02-18 11:35:23'),(261,485,'2015-06-18 13:25:46',15,'pool-2-thread-97','2015-02-18 11:35:23'),(262,491,'2015-06-18 13:25:46',9,'pool-2-thread-44','2015-02-18 11:35:23'),(263,468,'2015-06-18 13:25:46',32,'pool-2-thread-54','2015-02-18 11:35:23'),(264,476,'2015-06-18 13:25:46',24,'pool-2-thread-84','2015-02-18 11:35:23'),(265,417,'2015-06-18 13:25:46',83,'pool-2-thread-74','2015-02-18 11:35:23'),(266,460,'2015-06-18 13:25:46',40,'pool-2-thread-64','2015-02-18 11:35:23'),(267,427,'2015-06-18 13:25:46',73,'pool-2-thread-71','2015-02-18 11:35:23'),(268,401,'2015-06-18 13:25:46',99,'pool-2-thread-39','2015-02-18 11:35:23'),(269,492,'2015-06-18 13:25:46',8,'pool-2-thread-31','2015-02-18 11:35:23'),(270,470,'2015-06-18 13:25:46',30,'pool-2-thread-6','2015-02-18 11:35:23'),(271,448,'2015-06-18 13:25:46',52,'pool-2-thread-7','2015-02-18 11:35:23'),(272,494,'2015-06-18 13:25:46',6,'pool-2-thread-92','2015-02-18 11:35:23'),(273,414,'2015-06-18 13:25:46',86,'pool-2-thread-93','2015-02-18 11:35:23'),(274,473,'2015-06-18 13:25:46',27,'pool-2-thread-32','2015-02-18 11:35:23'),(275,464,'2015-06-18 13:25:46',36,'pool-2-thread-18','2015-02-18 11:35:23'),(276,439,'2015-06-18 13:25:46',61,'pool-2-thread-68','2015-02-18 11:35:23'),(277,424,'2015-06-18 13:25:46',76,'pool-2-thread-94','2015-02-18 11:35:23'),(278,403,'2015-06-18 13:25:46',96,'pool-2-thread-65','2015-02-18 11:35:23'),(279,459,'2015-06-18 13:25:46',41,'pool-2-thread-72','2015-02-18 11:35:23'),(280,409,'2015-06-18 13:25:46',91,'pool-2-thread-88','2015-02-18 11:35:23'),(281,406,'2015-06-18 13:25:46',93,'pool-2-thread-61','2015-02-18 11:35:23'),(282,404,'2015-06-18 13:25:46',95,'pool-2-thread-40','2015-02-18 11:35:23'),(283,450,'2015-06-18 13:25:46',50,'pool-2-thread-38','2015-02-18 11:35:23'),(284,438,'2015-06-18 13:25:46',62,'pool-2-thread-51','2015-02-18 11:35:23'),(285,457,'2015-06-18 13:25:46',43,'pool-2-thread-80','2015-02-18 11:35:23'),(286,453,'2015-06-18 13:25:46',47,'pool-2-thread-3','2015-02-18 11:35:23'),(287,412,'2015-06-18 13:25:46',88,'pool-2-thread-12','2015-02-18 11:35:23'),(288,454,'2015-06-18 13:25:46',46,'pool-2-thread-90','2015-02-18 11:35:23'),(289,451,'2015-06-18 13:25:46',49,'pool-2-thread-45','2015-02-18 11:35:23'),(290,444,'2015-06-18 13:25:46',56,'pool-2-thread-59','2015-02-18 11:35:23'),(291,442,'2015-06-18 13:25:46',58,'pool-2-thread-86','2015-02-18 11:35:23'),(292,452,'2015-06-18 13:25:46',48,'pool-2-thread-11','2015-02-18 11:35:23'),(293,441,'2015-06-18 13:25:46',59,'pool-2-thread-1','2015-02-18 11:35:23'),(294,423,'2015-06-18 13:25:46',77,'pool-2-thread-13','2015-02-18 11:35:23'),(295,437,'2015-06-18 13:25:46',63,'pool-2-thread-87','2015-02-18 11:35:23'),(296,463,'2015-06-18 13:25:46',37,'pool-2-thread-36','2015-02-18 11:35:23'),(297,435,'2015-06-18 13:25:46',65,'pool-2-thread-29','2015-02-18 11:35:23'),(298,449,'2015-06-18 13:25:46',51,'pool-2-thread-19','2015-02-18 11:35:23'),(299,422,'2015-06-18 13:25:46',78,'pool-2-thread-73','2015-02-18 11:35:23'),(300,421,'2015-06-18 13:25:46',79,'pool-2-thread-41','2015-02-18 11:35:23'),(301,3,'2015-06-18 13:25:46',0,'pool-3-thread-1','2015-02-25 14:48:39'),(302,1,'2015-06-18 13:25:46',0,'pool-3-thread-1','2015-02-25 15:09:16'),(303,1,'2015-06-18 13:25:46',0,'pool-3-thread-1','2015-02-25 15:09:27'),(304,1,'2015-06-18 13:25:46',0,'pool-3-thread-1','2015-02-25 15:09:33'),(305,40,'2015-06-18 13:25:46',9,'pool-2-thread-10','2015-02-25 15:55:07'),(306,39,'2015-06-18 13:25:46',8,'pool-2-thread-9','2015-02-25 15:55:07'),(307,38,'2015-06-18 13:25:46',7,'pool-2-thread-8','2015-02-25 15:55:07'),(308,37,'2015-06-18 13:25:46',6,'pool-2-thread-7','2015-02-25 15:55:07'),(309,36,'2015-06-18 13:25:46',5,'pool-2-thread-6','2015-02-25 15:55:07'),(310,35,'2015-06-18 13:25:46',4,'pool-2-thread-5','2015-02-25 15:55:07'),(311,34,'2015-06-18 13:25:46',3,'pool-2-thread-4','2015-02-25 15:55:07'),(312,33,'2015-06-18 13:25:46',2,'pool-2-thread-3','2015-02-25 15:55:07'),(313,32,'2015-06-18 13:25:46',1,'pool-2-thread-2','2015-02-25 15:55:07'),(314,31,'2015-06-18 13:25:46',0,'pool-2-thread-1','2015-02-25 15:55:07'),(315,50,'2015-06-18 13:25:46',9,'pool-2-thread-1','2015-02-25 15:55:18'),(316,49,'2015-06-18 13:25:46',8,'pool-2-thread-2','2015-02-25 15:55:18'),(317,48,'2015-06-18 13:25:46',7,'pool-2-thread-3','2015-02-25 15:55:18'),(318,47,'2015-06-18 13:25:46',6,'pool-2-thread-4','2015-02-25 15:55:18'),(319,46,'2015-06-18 13:25:46',5,'pool-2-thread-5','2015-02-25 15:55:18'),(320,45,'2015-06-18 13:25:46',4,'pool-2-thread-6','2015-02-25 15:55:18'),(321,44,'2015-06-18 13:25:46',3,'pool-2-thread-7','2015-02-25 15:55:18'),(322,43,'2015-06-18 13:25:46',2,'pool-2-thread-8','2015-02-25 15:55:18'),(323,42,'2015-06-18 13:25:46',1,'pool-2-thread-9','2015-02-25 15:55:18'),(324,41,'2015-06-18 13:25:46',0,'pool-2-thread-10','2015-02-25 15:55:18'),(325,40,'2015-06-18 13:25:46',9,'pool-2-thread-10','2015-02-25 16:02:52'),(326,39,'2015-06-18 13:25:46',8,'pool-2-thread-9','2015-02-25 16:02:52'),(327,38,'2015-06-18 13:25:46',7,'pool-2-thread-8','2015-02-25 16:02:52'),(328,37,'2015-06-18 13:25:46',6,'pool-2-thread-7','2015-02-25 16:02:52'),(329,36,'2015-06-18 13:25:46',5,'pool-2-thread-6','2015-02-25 16:02:52'),(330,35,'2015-06-18 13:25:46',4,'pool-2-thread-5','2015-02-25 16:02:52'),(331,34,'2015-06-18 13:25:46',3,'pool-2-thread-4','2015-02-25 16:02:52'),(332,33,'2015-06-18 13:25:46',2,'pool-2-thread-3','2015-02-25 16:02:52'),(333,32,'2015-06-18 13:25:46',1,'pool-2-thread-2','2015-02-25 16:02:52'),(334,31,'2015-06-18 13:25:46',0,'pool-2-thread-1','2015-02-25 16:02:52'),(335,50,'2015-06-18 13:25:46',9,'pool-2-thread-1','2015-02-25 16:03:03'),(336,49,'2015-06-18 13:25:46',8,'pool-2-thread-2','2015-02-25 16:03:03'),(337,48,'2015-06-18 13:25:46',7,'pool-2-thread-3','2015-02-25 16:03:03'),(338,47,'2015-06-18 13:25:46',6,'pool-2-thread-4','2015-02-25 16:03:03'),(339,46,'2015-06-18 13:25:46',5,'pool-2-thread-5','2015-02-25 16:03:03'),(340,45,'2015-06-18 13:25:46',4,'pool-2-thread-6','2015-02-25 16:03:03'),(341,44,'2015-06-18 13:25:46',3,'pool-2-thread-7','2015-02-25 16:03:03'),(342,43,'2015-06-18 13:25:46',2,'pool-2-thread-8','2015-02-25 16:03:03'),(343,42,'2015-06-18 13:25:46',1,'pool-2-thread-9','2015-02-25 16:03:03'),(344,41,'2015-06-18 13:25:46',0,'pool-2-thread-10','2015-02-25 16:03:03'),(345,3,'2015-06-18 13:25:46',0,'pool-3-thread-1','2015-02-25 16:03:52'),(346,3,'2015-06-18 13:25:46',0,'pool-3-thread-1','2015-02-25 16:04:24'),(347,3,'2015-06-18 13:25:46',0,'pool-3-thread-1','2015-02-25 16:10:09'),(348,3,'2015-06-18 13:25:46',0,'pool-4-thread-1','2015-02-26 09:39:33'),(349,3,'2015-06-18 13:25:46',0,'pool-4-thread-1','2015-02-26 09:40:38'),(350,3,'2015-06-18 13:25:46',0,'pool-4-thread-1','2015-02-26 10:05:56'),(351,3,'2015-06-18 13:25:46',0,'pool-6-thread-1','2015-02-26 11:09:36'),(352,3,'2015-06-18 13:25:46',0,'pool-6-thread-1','2015-02-26 11:11:55'),(353,3,'2015-06-18 13:25:46',0,'pool-6-thread-1','2015-02-26 11:18:55'),(354,3,'2015-06-18 13:25:46',0,'pool-6-thread-1','2015-02-26 11:20:19'),(355,3,'2015-06-18 13:25:46',0,'pool-6-thread-1','2015-02-26 11:22:55'),(356,3,'2015-06-18 13:25:46',0,'pool-6-thread-1','2015-02-26 11:24:05'),(357,3,'2015-06-18 13:25:46',0,'pool-6-thread-1','2015-02-26 11:40:09'),(358,3,'2015-06-18 13:25:46',0,'pool-6-thread-1','2015-02-26 11:41:25'),(359,3,'2015-06-18 13:25:46',0,'pool-6-thread-1','2015-02-26 11:42:05'),(360,3,'2015-06-18 13:25:46',0,'pool-6-thread-1','2015-02-26 11:44:17'),(361,3,'2015-06-18 13:25:46',0,'pool-6-thread-1','2015-02-26 11:45:31'),(362,31,'2015-06-18 13:25:46',0,'pool-4-thread-1','2015-02-26 11:54:26'),(363,32,'2015-06-18 13:25:46',1,'pool-4-thread-2','2015-02-26 11:54:26'),(364,33,'2015-06-18 13:25:46',2,'pool-4-thread-3','2015-02-26 11:54:26'),(365,34,'2015-06-18 13:25:46',3,'pool-4-thread-4','2015-02-26 11:54:26'),(366,35,'2015-06-18 13:25:46',4,'pool-4-thread-5','2015-02-26 11:54:26'),(367,36,'2015-06-18 13:25:46',5,'pool-4-thread-6','2015-02-26 11:54:26'),(368,37,'2015-06-18 13:25:46',6,'pool-4-thread-7','2015-02-26 11:54:26'),(369,38,'2015-06-18 13:25:46',7,'pool-4-thread-8','2015-02-26 11:54:26'),(370,39,'2015-06-18 13:25:46',8,'pool-4-thread-9','2015-02-26 11:54:26'),(371,40,'2015-06-18 13:25:46',9,'pool-4-thread-10','2015-02-26 11:54:26'),(372,41,'2015-06-18 13:25:46',0,'pool-4-thread-10','2015-02-26 11:54:37'),(373,42,'2015-06-18 13:25:46',1,'pool-4-thread-9','2015-02-26 11:54:37'),(374,43,'2015-06-18 13:25:46',2,'pool-4-thread-8','2015-02-26 11:54:37'),(375,44,'2015-06-18 13:25:46',3,'pool-4-thread-7','2015-02-26 11:54:37'),(376,45,'2015-06-18 13:25:46',4,'pool-4-thread-6','2015-02-26 11:54:37'),(377,46,'2015-06-18 13:25:46',5,'pool-4-thread-5','2015-02-26 11:54:37'),(378,47,'2015-06-18 13:25:46',6,'pool-4-thread-4','2015-02-26 11:54:37'),(379,48,'2015-06-18 13:25:46',7,'pool-4-thread-3','2015-02-26 11:54:37'),(380,49,'2015-06-18 13:25:46',8,'pool-4-thread-2','2015-02-26 11:54:37'),(381,50,'2015-06-18 13:25:46',9,'pool-4-thread-1','2015-02-26 11:54:37'),(382,1,'2015-06-18 13:25:46',0,'pool-5-thread-1','2015-02-26 12:08:47'),(383,2,'2015-06-18 13:25:46',1,'pool-5-thread-2','2015-02-26 12:08:47'),(384,3,'2015-06-18 13:25:46',2,'pool-5-thread-3','2015-02-26 12:08:47'),(385,4,'2015-06-18 13:25:46',3,'pool-5-thread-4','2015-02-26 12:08:47'),(386,5,'2015-06-18 13:25:46',4,'pool-5-thread-5','2015-02-26 12:08:47'),(387,6,'2015-06-18 13:25:46',5,'pool-5-thread-6','2015-02-26 12:08:47'),(388,7,'2015-06-18 13:25:46',6,'pool-5-thread-7','2015-02-26 12:08:47'),(389,8,'2015-06-18 13:25:46',7,'pool-5-thread-8','2015-02-26 12:08:47'),(390,9,'2015-06-18 13:25:46',8,'pool-5-thread-9','2015-02-26 12:08:47'),(391,10,'2015-06-18 13:25:46',9,'pool-5-thread-10','2015-02-26 12:08:47'),(392,31,'2015-06-18 13:25:46',0,'pool-4-thread-1','2015-02-27 14:22:48'),(393,32,'2015-06-18 13:25:46',1,'pool-4-thread-2','2015-02-27 14:22:48'),(394,33,'2015-06-18 13:25:46',2,'pool-4-thread-3','2015-02-27 14:22:48'),(395,34,'2015-06-18 13:25:46',3,'pool-4-thread-4','2015-02-27 14:22:48'),(396,35,'2015-06-18 13:25:46',4,'pool-4-thread-5','2015-02-27 14:22:48'),(397,36,'2015-06-18 13:25:46',5,'pool-4-thread-6','2015-02-27 14:22:48'),(398,37,'2015-06-18 13:25:46',6,'pool-4-thread-7','2015-02-27 14:22:48'),(399,38,'2015-06-18 13:25:46',7,'pool-4-thread-8','2015-02-27 14:22:48'),(400,39,'2015-06-18 13:25:46',8,'pool-4-thread-9','2015-02-27 14:22:48'),(401,40,'2015-06-18 13:25:46',9,'pool-4-thread-10','2015-02-27 14:22:48'),(402,41,'2015-06-18 13:25:46',0,'pool-4-thread-10','2015-02-27 14:22:59'),(403,42,'2015-06-18 13:25:46',1,'pool-4-thread-9','2015-02-27 14:22:59'),(404,43,'2015-06-18 13:25:46',2,'pool-4-thread-8','2015-02-27 14:22:59'),(405,44,'2015-06-18 13:25:46',3,'pool-4-thread-7','2015-02-27 14:22:59'),(406,45,'2015-06-18 13:25:46',4,'pool-4-thread-6','2015-02-27 14:22:59'),(407,46,'2015-06-18 13:25:46',5,'pool-4-thread-5','2015-02-27 14:22:59'),(408,47,'2015-06-18 13:25:46',6,'pool-4-thread-4','2015-02-27 14:22:59'),(409,48,'2015-06-18 13:25:46',7,'pool-4-thread-3','2015-02-27 14:22:59'),(410,49,'2015-06-18 13:25:46',8,'pool-4-thread-2','2015-02-27 14:22:59'),(411,50,'2015-06-18 13:25:46',9,'pool-4-thread-1','2015-02-27 14:22:59'),(412,31,'2015-06-18 13:25:46',0,'pool-4-thread-1','2015-02-27 16:06:08'),(413,32,'2015-06-18 13:25:46',1,'pool-4-thread-2','2015-02-27 16:06:08'),(414,33,'2015-06-18 13:25:46',2,'pool-4-thread-3','2015-02-27 16:06:08'),(415,34,'2015-06-18 13:25:46',3,'pool-4-thread-4','2015-02-27 16:06:08'),(416,35,'2015-06-18 13:25:46',4,'pool-4-thread-5','2015-02-27 16:06:08'),(417,36,'2015-06-18 13:25:46',5,'pool-4-thread-6','2015-02-27 16:06:08'),(418,37,'2015-06-18 13:25:46',6,'pool-4-thread-7','2015-02-27 16:06:08'),(419,38,'2015-06-18 13:25:46',7,'pool-4-thread-8','2015-02-27 16:06:08'),(420,39,'2015-06-18 13:25:46',8,'pool-4-thread-9','2015-02-27 16:06:08'),(421,40,'2015-06-18 13:25:46',9,'pool-4-thread-10','2015-02-27 16:06:08'),(422,41,'2015-06-18 13:25:46',0,'pool-4-thread-10','2015-02-27 16:06:19'),(423,42,'2015-06-18 13:25:46',1,'pool-4-thread-9','2015-02-27 16:06:19'),(424,43,'2015-06-18 13:25:46',2,'pool-4-thread-8','2015-02-27 16:06:19'),(425,44,'2015-06-18 13:25:46',3,'pool-4-thread-7','2015-02-27 16:06:19'),(426,45,'2015-06-18 13:25:46',4,'pool-4-thread-6','2015-02-27 16:06:19'),(427,46,'2015-06-18 13:25:46',5,'pool-4-thread-5','2015-02-27 16:06:19'),(428,47,'2015-06-18 13:25:46',6,'pool-4-thread-4','2015-02-27 16:06:19'),(429,48,'2015-06-18 13:25:46',7,'pool-4-thread-3','2015-02-27 16:06:19'),(430,49,'2015-06-18 13:25:46',8,'pool-4-thread-2','2015-02-27 16:06:19'),(431,50,'2015-06-18 13:25:46',9,'pool-4-thread-1','2015-02-27 16:06:19'),(432,31,'2015-06-18 13:25:46',0,'pool-4-thread-1','2015-02-27 16:08:42'),(433,32,'2015-06-18 13:25:46',1,'pool-4-thread-2','2015-02-27 16:08:42'),(434,33,'2015-06-18 13:25:46',2,'pool-4-thread-3','2015-02-27 16:08:42'),(435,34,'2015-06-18 13:25:46',3,'pool-4-thread-4','2015-02-27 16:08:42'),(436,35,'2015-06-18 13:25:46',4,'pool-4-thread-5','2015-02-27 16:08:42'),(437,36,'2015-06-18 13:25:46',5,'pool-4-thread-6','2015-02-27 16:08:42'),(438,37,'2015-06-18 13:25:46',6,'pool-4-thread-7','2015-02-27 16:08:42'),(439,38,'2015-06-18 13:25:46',7,'pool-4-thread-8','2015-02-27 16:08:42'),(440,39,'2015-06-18 13:25:46',8,'pool-4-thread-9','2015-02-27 16:08:42'),(441,40,'2015-06-18 13:25:46',9,'pool-4-thread-10','2015-02-27 16:08:42'),(442,41,'2015-06-18 13:25:46',0,'pool-4-thread-10','2015-02-27 16:08:53'),(443,42,'2015-06-18 13:25:46',1,'pool-4-thread-9','2015-02-27 16:08:53'),(444,43,'2015-06-18 13:25:46',2,'pool-4-thread-8','2015-02-27 16:08:53'),(445,44,'2015-06-18 13:25:46',3,'pool-4-thread-7','2015-02-27 16:08:53'),(446,45,'2015-06-18 13:25:46',4,'pool-4-thread-6','2015-02-27 16:08:53'),(447,46,'2015-06-18 13:25:46',5,'pool-4-thread-5','2015-02-27 16:08:53'),(448,47,'2015-06-18 13:25:46',6,'pool-4-thread-4','2015-02-27 16:08:53'),(449,48,'2015-06-18 13:25:46',7,'pool-4-thread-3','2015-02-27 16:08:53'),(450,49,'2015-06-18 13:25:46',8,'pool-4-thread-2','2015-02-27 16:08:53'),(451,50,'2015-06-18 13:25:46',9,'pool-4-thread-1','2015-02-27 16:08:53'),(452,31,'2015-06-18 13:25:46',0,'pool-4-thread-1','2015-02-27 16:10:51'),(453,32,'2015-06-18 13:25:46',1,'pool-4-thread-2','2015-02-27 16:10:51'),(454,33,'2015-06-18 13:25:46',2,'pool-4-thread-3','2015-02-27 16:10:51'),(455,34,'2015-06-18 13:25:46',3,'pool-4-thread-4','2015-02-27 16:10:51'),(456,35,'2015-06-18 13:25:46',4,'pool-4-thread-5','2015-02-27 16:10:51'),(457,36,'2015-06-18 13:25:46',5,'pool-4-thread-6','2015-02-27 16:10:51'),(458,37,'2015-06-18 13:25:46',6,'pool-4-thread-7','2015-02-27 16:10:51'),(459,38,'2015-06-18 13:25:46',7,'pool-4-thread-8','2015-02-27 16:10:51'),(460,39,'2015-06-18 13:25:46',8,'pool-4-thread-9','2015-02-27 16:10:51'),(461,40,'2015-06-18 13:25:46',9,'pool-4-thread-10','2015-02-27 16:10:51'),(462,41,'2015-06-18 13:25:46',0,'pool-4-thread-10','2015-02-27 16:11:02'),(463,42,'2015-06-18 13:25:46',1,'pool-4-thread-9','2015-02-27 16:11:02'),(464,43,'2015-06-18 13:25:46',2,'pool-4-thread-8','2015-02-27 16:11:02'),(465,44,'2015-06-18 13:25:46',3,'pool-4-thread-7','2015-02-27 16:11:02'),(466,45,'2015-06-18 13:25:46',4,'pool-4-thread-6','2015-02-27 16:11:02'),(467,46,'2015-06-18 13:25:46',5,'pool-4-thread-5','2015-02-27 16:11:02'),(468,47,'2015-06-18 13:25:46',6,'pool-4-thread-4','2015-02-27 16:11:02'),(469,48,'2015-06-18 13:25:46',7,'pool-4-thread-3','2015-02-27 16:11:02'),(470,49,'2015-06-18 13:25:46',8,'pool-4-thread-2','2015-02-27 16:11:02'),(471,50,'2015-06-18 13:25:46',9,'pool-4-thread-1','2015-02-27 16:11:02'),(472,21,'2015-06-18 13:25:46',0,'pool-5-thread-1','2015-02-27 16:38:50'),(473,22,'2015-06-18 13:25:46',1,'pool-5-thread-2','2015-02-27 16:38:50'),(474,23,'2015-06-18 13:25:46',2,'pool-5-thread-3','2015-02-27 16:38:50'),(475,24,'2015-06-18 13:25:46',3,'pool-5-thread-4','2015-02-27 16:38:50'),(476,25,'2015-06-18 13:25:46',4,'pool-5-thread-5','2015-02-27 16:38:50'),(477,26,'2015-06-18 13:25:46',5,'pool-5-thread-6','2015-02-27 16:38:50'),(478,27,'2015-06-18 13:25:46',6,'pool-5-thread-7','2015-02-27 16:38:50'),(479,28,'2015-06-18 13:25:46',7,'pool-5-thread-8','2015-02-27 16:38:50'),(480,29,'2015-06-18 13:25:46',8,'pool-5-thread-9','2015-02-27 16:38:50'),(481,30,'2015-06-18 13:25:46',9,'pool-5-thread-10','2015-02-27 16:38:50'),(482,21,'2015-06-18 13:25:46',0,'pool-5-thread-1','2015-02-27 16:39:31'),(483,22,'2015-06-18 13:25:46',1,'pool-5-thread-2','2015-02-27 16:39:31'),(484,23,'2015-06-18 13:25:46',2,'pool-5-thread-3','2015-02-27 16:39:31'),(485,24,'2015-06-18 13:25:46',3,'pool-5-thread-4','2015-02-27 16:39:31'),(486,25,'2015-06-18 13:25:46',4,'pool-5-thread-5','2015-02-27 16:39:31'),(487,26,'2015-06-18 13:25:46',5,'pool-5-thread-6','2015-02-27 16:39:31'),(488,27,'2015-06-18 13:25:46',6,'pool-5-thread-7','2015-02-27 16:39:31'),(489,28,'2015-06-18 13:25:46',7,'pool-5-thread-8','2015-02-27 16:39:31'),(490,29,'2015-06-18 13:25:46',8,'pool-5-thread-9','2015-02-27 16:39:31'),(491,30,'2015-06-18 13:25:46',9,'pool-5-thread-10','2015-02-27 16:39:31'),(492,21,'2015-06-18 13:25:46',0,'pool-5-thread-1','2015-02-27 16:41:26'),(493,22,'2015-06-18 13:25:46',1,'pool-5-thread-2','2015-02-27 16:41:26'),(494,23,'2015-06-18 13:25:46',2,'pool-5-thread-3','2015-02-27 16:41:26'),(495,24,'2015-06-18 13:25:46',3,'pool-5-thread-4','2015-02-27 16:41:26'),(496,25,'2015-06-18 13:25:46',4,'pool-5-thread-5','2015-02-27 16:41:26'),(497,26,'2015-06-18 13:25:46',5,'pool-5-thread-6','2015-02-27 16:41:26'),(498,27,'2015-06-18 13:25:46',6,'pool-5-thread-7','2015-02-27 16:41:26'),(499,28,'2015-06-18 13:25:46',7,'pool-5-thread-8','2015-02-27 16:41:26'),(500,29,'2015-06-18 13:25:46',8,'pool-5-thread-9','2015-02-27 16:41:26'),(501,30,'2015-06-18 13:25:46',9,'pool-5-thread-10','2015-02-27 16:41:26'),(502,21,'2015-06-18 13:25:46',0,'pool-5-thread-1','2015-02-27 16:43:22'),(503,22,'2015-06-18 13:25:46',1,'pool-5-thread-2','2015-02-27 16:43:22'),(504,23,'2015-06-18 13:25:46',2,'pool-5-thread-3','2015-02-27 16:43:22'),(505,24,'2015-06-18 13:25:46',3,'pool-5-thread-4','2015-02-27 16:43:22'),(506,25,'2015-06-18 13:25:46',4,'pool-5-thread-5','2015-02-27 16:43:22'),(507,26,'2015-06-18 13:25:46',5,'pool-5-thread-6','2015-02-27 16:43:22'),(508,27,'2015-06-18 13:25:46',6,'pool-5-thread-7','2015-02-27 16:43:22'),(509,28,'2015-06-18 13:25:46',7,'pool-5-thread-8','2015-02-27 16:43:22'),(510,29,'2015-06-18 13:25:46',8,'pool-5-thread-9','2015-02-27 16:43:22'),(511,30,'2015-06-18 13:25:46',9,'pool-5-thread-10','2015-02-27 16:43:22'),(512,3,'2015-06-18 13:25:46',0,'pool-6-thread-1','2015-03-02 09:23:36'),(513,3,'2015-06-18 13:25:46',0,'pool-6-thread-1','2015-03-02 09:31:03'),(514,1,'2015-06-18 13:25:46',0,'pool-2-thread-1','2015-03-03 09:14:25'),(515,3,'2015-06-18 13:25:46',0,'pool-4-thread-1','2015-04-02 10:54:17'),(516,3,'2015-06-18 13:25:46',0,'pool-4-thread-1','2015-04-02 10:56:49'),(517,3,'2015-06-18 13:25:46',0,'pool-2-thread-1','2015-04-02 10:58:44'),(518,3,'2015-06-18 13:25:46',0,'pool-2-thread-1','2015-04-02 10:59:45'),(519,3,'2015-06-18 13:25:46',0,'pool-2-thread-1','2015-04-02 11:05:21'),(520,3,'2015-06-18 13:25:46',0,'pool-2-thread-1','2015-04-02 11:08:18'),(521,3,'2015-06-18 13:25:46',0,'pool-2-thread-1','2015-04-02 11:17:47'),(522,3,'2015-06-18 13:25:46',0,'pool-2-thread-1','2015-04-02 11:20:50'),(523,3,'2015-06-18 13:25:46',0,'pool-2-thread-1','2015-04-02 11:22:11'),(524,3,'2015-06-18 13:25:46',0,'pool-2-thread-1','2015-04-02 11:24:01'),(525,3,'2015-06-18 13:25:46',0,'pool-2-thread-1','2015-04-02 11:25:38'),(526,3,'2015-06-18 13:25:46',0,'pool-2-thread-1','2015-04-02 11:28:40'),(527,3,'2015-06-18 13:25:46',0,'pool-2-thread-1','2015-04-02 11:29:55'),(528,3,'2015-06-18 13:25:46',0,'pool-2-thread-1','2015-04-02 11:30:33'),(529,3,'2015-06-18 13:25:46',0,'pool-2-thread-1','2015-04-02 11:33:32'),(530,3,'2015-06-18 13:25:46',0,'pool-4-thread-1','2015-05-13 15:40:49'),(531,3,'2015-06-18 13:25:46',0,'pool-4-thread-1','2015-05-13 15:44:03'),(532,3,'2015-06-18 13:25:46',0,'pool-4-thread-1','2015-05-13 15:48:48'),(533,3,'2015-06-18 13:25:46',0,'pool-4-thread-1','2015-05-13 15:49:33'),(534,3,'2015-06-18 13:25:46',0,'pool-4-thread-1','2015-05-13 15:53:39'),(535,3,'2015-06-18 13:25:46',0,'pool-11-thread-10, 1000 :-','2015-05-22 09:06:46'),(536,1,'2015-06-18 13:25:46',0,'pool-6-thread-1','2015-06-18 12:58:13'),(537,2,'2015-06-18 13:25:46',0,'pool-6-thread-1','2015-06-18 12:58:24'),(539,1,'2015-06-18 13:25:46',0,'pool-6-thread-1','2015-06-18 12:59:24'),(540,2,'2015-06-18 13:25:46',0,'pool-6-thread-1','2015-06-18 12:59:35'),(541,3,'2015-06-18 13:25:46',0,'pool-6-thread-1','2015-06-18 12:59:45'),(542,4,'2015-06-18 13:25:46',0,'pool-6-thread-1','2015-06-18 12:59:54'),(543,5,'2015-06-18 13:25:46',0,'pool-6-thread-1','2015-06-18 13:00:02'),(544,6,'2015-06-18 13:25:46',0,'pool-6-thread-1','2015-06-18 13:00:09'),(545,7,'2015-06-18 13:25:46',0,'pool-6-thread-1','2015-06-18 13:00:15'),(546,1,'2015-06-18 13:25:46',0,'pool-6-thread-1','2015-06-18 13:24:50'),(547,2,'2015-06-18 13:25:46',0,'pool-6-thread-1','2015-06-18 13:25:01'),(548,3,'2015-06-18 13:25:46',0,'pool-6-thread-1','2015-06-18 13:25:11'),(549,4,'2015-06-18 13:25:46',0,'pool-6-thread-1','2015-06-18 13:25:20'),(550,5,'2015-06-18 13:25:46',0,'pool-6-thread-1','2015-06-18 13:25:28'),(551,6,'2015-06-18 13:25:46',0,'pool-6-thread-1','2015-06-18 13:25:35'),(552,7,'2015-06-18 13:25:46',0,'pool-6-thread-1','2015-06-18 13:25:41'),(553,1,'2015-06-18 14:12:06',0,'pool-8-thread-1','2015-06-18 14:12:05'),(554,1,'2015-06-18 14:20:04',0,'pool-8-thread-1','2015-06-18 14:20:04'),(555,1,'2015-06-22 06:59:58',0,'pool-8-thread-1','2015-06-22 06:59:58'),(556,3,'2015-06-22 07:00:05',0,'pool-8-thread-1','2015-06-22 07:00:05'),(557,1,'2015-06-22 07:07:35',0,'pool-8-thread-1','2015-06-22 07:07:35'),(558,3,'2015-06-22 09:43:38',0,'pool-2-thread-1:-','2015-06-22 07:07:42');
/*!40000 ALTER TABLE `INVOICE_DATE` ENABLE KEYS */;
UNLOCK TABLES;

--
-- Table structure for table `INVOICE_NUMBER`
--

DROP TABLE IF EXISTS `INVOICE_NUMBER`;
/*!40101 SET @saved_cs_client     = @@character_set_client */;
/*!40101 SET character_set_client = utf8 */;
CREATE TABLE `INVOICE_NUMBER` (
  `ID` bigint(20) NOT NULL AUTO_INCREMENT,
  `TRANSACTION_ID` bigint(20) DEFAULT NULL,
  `VERSION` bigint(20) DEFAULT NULL,
  `BALANCE` double DEFAULT NULL,
  `COMMENT` varchar(255) DEFAULT NULL,
  `DATE` timestamp NOT NULL DEFAULT CURRENT_TIMESTAMP ON UPDATE CURRENT_TIMESTAMP,
  PRIMARY KEY (`ID`)
) ENGINE=InnoDB AUTO_INCREMENT=947 DEFAULT CHARSET=latin1;
/*!40101 SET character_set_client = @saved_cs_client */;

--
-- Dumping data for table `INVOICE_NUMBER`
--

LOCK TABLES `INVOICE_NUMBER` WRITE;
/*!40000 ALTER TABLE `INVOICE_NUMBER` DISABLE KEYS */;
INSERT INTO `INVOICE_NUMBER` VALUES (301,103,407,97,'pool-2-thread-47','2015-06-18 13:24:28'),(302,101,407,98,'pool-2-thread-31','2015-06-18 13:24:28'),(303,113,407,87,'pool-2-thread-5','2015-06-18 13:24:28'),(304,104,407,96,'pool-2-thread-4','2015-06-18 13:24:28'),(305,112,407,88,'pool-2-thread-15','2015-06-18 13:24:28'),(306,111,407,89,'pool-2-thread-9','2015-06-18 13:24:28'),(307,105,407,95,'pool-2-thread-52','2015-06-18 13:24:28'),(308,106,407,94,'pool-2-thread-13','2015-06-18 13:24:28'),(309,110,407,90,'pool-2-thread-63','2015-06-18 13:24:28'),(310,109,407,91,'pool-2-thread-94','2015-06-18 13:24:28'),(311,107,407,93,'pool-2-thread-16','2015-06-18 13:24:28'),(312,108,407,92,'pool-2-thread-77','2015-06-18 13:24:28'),(313,141,407,59,'pool-2-thread-58','2015-06-18 13:24:28'),(314,120,407,80,'pool-2-thread-32','2015-06-18 13:24:28'),(315,134,407,66,'pool-2-thread-49','2015-06-18 13:24:28'),(316,145,407,55,'pool-2-thread-36','2015-06-18 13:24:28'),(317,129,407,71,'pool-2-thread-48','2015-06-18 13:24:28'),(318,144,407,56,'pool-2-thread-88','2015-06-18 13:24:28'),(319,114,407,86,'pool-2-thread-84','2015-06-18 13:24:28'),(320,115,407,85,'pool-2-thread-53','2015-06-18 13:24:28'),(321,133,407,67,'pool-2-thread-87','2015-06-18 13:24:28'),(322,136,407,64,'pool-2-thread-18','2015-06-18 13:24:28'),(323,139,407,61,'pool-2-thread-90','2015-06-18 13:24:28'),(324,137,407,63,'pool-2-thread-74','2015-06-18 13:24:28'),(325,127,407,73,'pool-2-thread-57','2015-06-18 13:24:28'),(326,135,407,65,'pool-2-thread-25','2015-06-18 13:24:28'),(327,140,407,60,'pool-2-thread-60','2015-06-18 13:24:28'),(328,146,407,54,'pool-2-thread-26','2015-06-18 13:24:28'),(329,147,407,53,'pool-2-thread-92','2015-06-18 13:24:28'),(330,124,407,76,'pool-2-thread-54','2015-06-18 13:24:28'),(331,143,407,57,'pool-2-thread-64','2015-06-18 13:24:28'),(332,149,407,51,'pool-2-thread-17','2015-06-18 13:24:28'),(333,130,407,70,'pool-2-thread-34','2015-06-18 13:24:28'),(334,117,407,83,'pool-2-thread-81','2015-06-18 13:24:28'),(335,154,407,46,'pool-2-thread-99','2015-06-18 13:24:28'),(336,142,407,58,'pool-2-thread-82','2015-06-18 13:24:28'),(337,148,407,52,'pool-2-thread-35','2015-06-18 13:24:28'),(338,132,407,68,'pool-2-thread-66','2015-06-18 13:24:28'),(339,138,407,62,'pool-2-thread-19','2015-06-18 13:24:28'),(340,123,407,77,'pool-2-thread-91','2015-06-18 13:24:28'),(341,153,407,47,'pool-2-thread-24','2015-06-18 13:24:28'),(342,155,407,45,'pool-2-thread-40','2015-06-18 13:24:28'),(343,131,407,69,'pool-2-thread-50','2015-06-18 13:24:28'),(344,159,407,41,'pool-2-thread-30','2015-06-18 13:24:28'),(345,126,407,74,'pool-2-thread-41','2015-06-18 13:24:28'),(346,160,407,40,'pool-2-thread-75','2015-06-18 13:24:28'),(347,128,407,72,'pool-2-thread-97','2015-06-18 13:24:28'),(348,118,407,82,'pool-2-thread-14','2015-06-18 13:24:28'),(349,156,407,44,'pool-2-thread-23','2015-06-18 13:24:28'),(350,150,407,50,'pool-2-thread-86','2015-06-18 13:24:28'),(351,152,407,48,'pool-2-thread-11','2015-06-18 13:24:28'),(352,151,407,49,'pool-2-thread-96','2015-06-18 13:24:28'),(353,125,407,75,'pool-2-thread-61','2015-06-18 13:24:28'),(354,119,407,81,'pool-2-thread-51','2015-06-18 13:24:28'),(355,122,407,78,'pool-2-thread-42','2015-06-18 13:24:28'),(356,116,407,84,'pool-2-thread-10','2015-06-18 13:24:28'),(357,121,407,79,'pool-2-thread-22','2015-06-18 13:24:28'),(358,102,407,99,'pool-2-thread-28','2015-06-18 13:24:28'),(359,157,407,43,'pool-2-thread-46','2015-06-18 13:24:28'),(360,158,407,42,'pool-2-thread-38','2015-06-18 13:24:28'),(361,176,407,24,'pool-2-thread-72','2015-06-18 13:24:28'),(362,177,407,23,'pool-2-thread-56','2015-06-18 13:24:28'),(363,179,407,21,'pool-2-thread-6','2015-06-18 13:24:28'),(364,185,407,15,'pool-2-thread-1','2015-06-18 13:24:28'),(365,190,407,10,'pool-2-thread-71','2015-06-18 13:24:28'),(366,183,407,17,'pool-2-thread-27','2015-06-18 13:24:28'),(367,186,407,14,'pool-2-thread-59','2015-06-18 13:24:28'),(368,187,407,13,'pool-2-thread-67','2015-06-18 13:24:28'),(369,178,407,22,'pool-2-thread-45','2015-06-18 13:24:28'),(370,180,407,20,'pool-2-thread-20','2015-06-18 13:24:28'),(371,196,407,4,'pool-2-thread-93','2015-06-18 13:24:28'),(372,191,407,9,'pool-2-thread-3','2015-06-18 13:24:28'),(373,198,407,2,'pool-2-thread-89','2015-06-18 13:24:28'),(374,182,407,18,'pool-2-thread-39','2015-06-18 13:24:28'),(375,174,407,26,'pool-2-thread-37','2015-06-18 13:24:28'),(376,165,407,35,'pool-2-thread-68','2015-06-18 13:24:28'),(377,167,407,33,'pool-2-thread-79','2015-06-18 13:24:28'),(378,189,407,11,'pool-2-thread-7','2015-06-18 13:24:28'),(379,188,407,12,'pool-2-thread-8','2015-06-18 13:24:28'),(380,197,407,3,'pool-2-thread-85','2015-06-18 13:24:28'),(381,164,407,36,'pool-2-thread-44','2015-06-18 13:24:28'),(382,166,407,34,'pool-2-thread-78','2015-06-18 13:24:28'),(383,175,407,25,'pool-2-thread-70','2015-06-18 13:24:28'),(384,192,407,8,'pool-2-thread-100','2015-06-18 13:24:28'),(385,163,407,37,'pool-2-thread-12','2015-06-18 13:24:28'),(386,170,407,30,'pool-2-thread-73','2015-06-18 13:24:28'),(387,168,407,32,'pool-2-thread-21','2015-06-18 13:24:28'),(388,161,407,39,'pool-2-thread-43','2015-06-18 13:24:28'),(389,171,407,29,'pool-2-thread-80','2015-06-18 13:24:28'),(390,173,407,27,'pool-2-thread-55','2015-06-18 13:24:28'),(391,194,407,6,'pool-2-thread-98','2015-06-18 13:24:28'),(392,193,407,7,'pool-2-thread-65','2015-06-18 13:24:28'),(393,184,407,16,'pool-2-thread-29','2015-06-18 13:24:28'),(394,162,407,38,'pool-2-thread-2','2015-06-18 13:24:28'),(395,200,407,0,'pool-2-thread-76','2015-06-18 13:24:28'),(396,181,407,19,'pool-2-thread-62','2015-06-18 13:24:28'),(397,195,407,5,'pool-2-thread-69','2015-06-18 13:24:28'),(398,172,407,28,'pool-2-thread-83','2015-06-18 13:24:28'),(399,169,407,31,'pool-2-thread-95','2015-06-18 13:24:28'),(400,199,407,1,'pool-2-thread-33','2015-06-18 13:24:28'),(401,204,407,71,'pool-2-thread-97','2015-06-18 13:24:28'),(402,213,407,63,'pool-2-thread-8','2015-06-18 13:24:28'),(403,219,407,78,'pool-2-thread-87','2015-06-18 13:24:28'),(404,208,407,67,'pool-2-thread-41','2015-06-18 13:24:28'),(405,205,407,70,'pool-2-thread-68','2015-06-18 13:24:28'),(406,216,407,76,'pool-2-thread-28','2015-06-18 13:24:28'),(407,218,407,77,'pool-2-thread-83','2015-06-18 13:24:28'),(408,215,407,61,'pool-2-thread-74','2015-06-18 13:24:28'),(409,214,407,62,'pool-2-thread-49','2015-06-18 13:24:28'),(410,217,407,60,'pool-2-thread-59','2015-06-18 13:24:28'),(411,212,407,64,'pool-2-thread-53','2015-06-18 13:24:28'),(412,206,407,69,'pool-2-thread-32','2015-06-18 13:24:28'),(413,207,407,68,'pool-2-thread-48','2015-06-18 13:24:28'),(414,203,407,72,'pool-2-thread-4','2015-06-18 13:24:28'),(415,210,407,66,'pool-2-thread-2','2015-06-18 13:24:28'),(416,211,407,65,'pool-2-thread-38','2015-06-18 13:24:28'),(417,201,407,73,'pool-2-thread-100','2015-06-18 13:24:28'),(418,202,407,74,'pool-2-thread-7','2015-06-18 13:24:28'),(419,220,407,59,'pool-2-thread-66','2015-06-18 13:24:28'),(420,264,407,19,'pool-2-thread-86','2015-06-18 13:24:28'),(421,263,407,20,'pool-2-thread-44','2015-06-18 13:24:28'),(422,261,407,22,'pool-2-thread-78','2015-06-18 13:24:28'),(423,265,407,18,'pool-2-thread-69','2015-06-18 13:24:28'),(424,260,407,23,'pool-2-thread-25','2015-06-18 13:24:28'),(425,267,407,16,'pool-2-thread-77','2015-06-18 13:24:28'),(426,262,407,21,'pool-2-thread-26','2015-06-18 13:24:28'),(427,259,407,24,'pool-2-thread-57','2015-06-18 13:24:28'),(428,257,407,82,'pool-2-thread-93','2015-06-18 13:24:28'),(429,258,407,25,'pool-2-thread-6','2015-06-18 13:24:28'),(430,256,407,26,'pool-2-thread-35','2015-06-18 13:24:28'),(431,255,407,27,'pool-2-thread-33','2015-06-18 13:24:28'),(432,252,407,29,'pool-2-thread-18','2015-06-18 13:24:28'),(433,253,407,28,'pool-2-thread-64','2015-06-18 13:24:28'),(434,266,407,17,'pool-2-thread-15','2015-06-18 13:24:28'),(435,251,407,30,'pool-2-thread-98','2015-06-18 13:24:28'),(436,249,407,32,'pool-2-thread-10','2015-06-18 13:24:28'),(437,250,407,31,'pool-2-thread-94','2015-06-18 13:24:28'),(438,254,407,81,'pool-2-thread-27','2015-06-18 13:24:28'),(439,209,407,75,'pool-2-thread-20','2015-06-18 13:24:28'),(440,243,407,38,'pool-2-thread-43','2015-06-18 13:24:28'),(441,240,407,41,'pool-2-thread-39','2015-06-18 13:24:28'),(442,241,407,40,'pool-2-thread-71','2015-06-18 13:24:28'),(443,239,407,42,'pool-2-thread-5','2015-06-18 13:24:28'),(444,234,407,47,'pool-2-thread-61','2015-06-18 13:24:28'),(445,238,407,43,'pool-2-thread-16','2015-06-18 13:24:28'),(446,270,407,13,'pool-2-thread-99','2015-06-18 13:24:28'),(447,245,407,36,'pool-2-thread-9','2015-06-18 13:24:28'),(448,269,407,14,'pool-2-thread-37','2015-06-18 13:24:28'),(449,236,407,45,'pool-2-thread-73','2015-06-18 13:24:28'),(450,242,407,39,'pool-2-thread-52','2015-06-18 13:24:28'),(451,247,407,34,'pool-2-thread-84','2015-06-18 13:24:28'),(452,244,407,37,'pool-2-thread-96','2015-06-18 13:24:28'),(453,248,407,33,'pool-2-thread-23','2015-06-18 13:24:28'),(454,246,407,35,'pool-2-thread-63','2015-06-18 13:24:28'),(455,237,407,44,'pool-2-thread-60','2015-06-18 13:24:28'),(456,268,407,15,'pool-2-thread-92','2015-06-18 13:24:28'),(457,232,407,49,'pool-2-thread-46','2015-06-18 13:24:28'),(458,231,407,50,'pool-2-thread-24','2015-06-18 13:24:28'),(459,235,407,46,'pool-2-thread-17','2015-06-18 13:24:28'),(460,233,407,48,'pool-2-thread-58','2015-06-18 13:24:28'),(461,223,407,58,'pool-2-thread-13','2015-06-18 13:24:28'),(462,278,407,85,'pool-2-thread-45','2015-06-18 13:24:28'),(463,228,407,53,'pool-2-thread-11','2015-06-18 13:24:28'),(464,273,407,10,'pool-2-thread-90','2015-06-18 13:24:28'),(465,226,407,55,'pool-2-thread-82','2015-06-18 13:24:28'),(466,281,407,88,'pool-2-thread-81','2015-06-18 13:24:28'),(467,286,407,5,'pool-2-thread-19','2015-06-18 13:24:28'),(468,225,407,56,'pool-2-thread-88','2015-06-18 13:24:28'),(469,272,407,11,'pool-2-thread-75','2015-06-18 13:24:28'),(470,277,407,8,'pool-2-thread-91','2015-06-18 13:24:28'),(471,227,407,54,'pool-2-thread-36','2015-06-18 13:24:28'),(472,283,407,7,'pool-2-thread-34','2015-06-18 13:24:28'),(473,229,407,52,'pool-2-thread-72','2015-06-18 13:24:28'),(474,291,407,2,'pool-2-thread-70','2015-06-18 13:24:28'),(475,296,407,96,'pool-2-thread-55','2015-06-18 13:24:28'),(476,221,407,79,'pool-2-thread-62','2015-06-18 13:24:28'),(477,292,407,1,'pool-2-thread-31','2015-06-18 13:24:28'),(478,294,407,94,'pool-2-thread-67','2015-06-18 13:24:28'),(479,222,407,80,'pool-2-thread-29','2015-06-18 13:24:28'),(480,230,407,51,'pool-2-thread-3','2015-06-18 13:24:28'),(481,280,407,87,'pool-2-thread-51','2015-06-18 13:24:28'),(482,287,407,91,'pool-2-thread-76','2015-06-18 13:24:28'),(483,279,407,86,'pool-2-thread-85','2015-06-18 13:24:28'),(484,297,407,97,'pool-2-thread-65','2015-06-18 13:24:28'),(485,289,407,4,'pool-2-thread-30','2015-06-18 13:24:28'),(486,274,407,9,'pool-2-thread-95','2015-06-18 13:24:28'),(487,276,407,84,'pool-2-thread-12','2015-06-18 13:24:28'),(488,285,407,6,'pool-2-thread-50','2015-06-18 13:24:28'),(489,298,407,98,'pool-2-thread-56','2015-06-18 13:24:28'),(490,282,407,89,'pool-2-thread-54','2015-06-18 13:24:28'),(491,295,407,95,'pool-2-thread-21','2015-06-18 13:24:28'),(492,299,407,0,'pool-2-thread-47','2015-06-18 13:24:28'),(493,290,407,3,'pool-2-thread-79','2015-06-18 13:24:28'),(494,288,407,92,'pool-2-thread-80','2015-06-18 13:24:28'),(495,284,407,90,'pool-2-thread-1','2015-06-18 13:24:28'),(496,275,407,83,'pool-2-thread-42','2015-06-18 13:24:28'),(497,293,407,93,'pool-2-thread-89','2015-06-18 13:24:28'),(498,271,407,12,'pool-2-thread-40','2015-06-18 13:24:28'),(499,224,407,57,'pool-2-thread-14','2015-06-18 13:24:28'),(500,300,407,99,'pool-2-thread-22','2015-06-18 13:24:28'),(501,2,407,0,'pool-3-thread-1','2015-06-18 13:24:28'),(502,1,407,0,'pool-3-thread-1','2015-06-18 13:24:28'),(503,1,407,0,'pool-3-thread-1','2015-06-18 13:24:28'),(504,1,407,0,'pool-3-thread-1','2015-06-18 13:24:28'),(505,1,407,0,'pool-3-thread-1','2015-06-18 13:24:28'),(506,1,407,0,'pool-3-thread-1','2015-06-18 13:24:28'),(507,1,407,0,'pool-3-thread-1','2015-06-18 13:24:28'),(508,1,407,0,'pool-3-thread-1','2015-06-18 13:24:28'),(509,1,407,0,'pool-3-thread-1','2015-06-18 13:24:28'),(510,1,407,0,'pool-3-thread-1','2015-06-18 13:24:28'),(511,1,407,0,'pool-3-thread-1','2015-06-18 13:24:28'),(512,1,407,0,'pool-3-thread-1','2015-06-18 13:24:28'),(513,1,407,0,'pool-3-thread-1','2015-06-18 13:24:28'),(514,1,407,0,'pool-3-thread-1','2015-06-18 13:24:28'),(515,1,407,0,'pool-3-thread-1','2015-06-18 13:24:28'),(516,1,407,0,'pool-3-thread-1','2015-06-18 13:24:28'),(517,1,407,0,'pool-3-thread-1','2015-06-18 13:24:28'),(518,1,407,0,'pool-3-thread-1','2015-06-18 13:24:28'),(519,11,407,0,'pool-2-thread-1','2015-06-18 13:24:28'),(520,11,407,0,'pool-2-thread-1','2015-06-18 13:24:28'),(521,1,407,0,'pool-2-thread-1','2015-06-18 13:24:28'),(522,1,407,0,'pool-2-thread-1','2015-06-18 13:24:28'),(523,1,407,0,'pool-2-thread-1','2015-06-18 13:24:28'),(524,1,407,0,'pool-2-thread-1','2015-06-18 13:24:28'),(525,9,407,0,'pool-2-thread-1','2015-06-18 13:24:28'),(526,8,407,1,'pool-2-thread-2','2015-06-18 13:24:28'),(527,4,407,5,'pool-2-thread-6','2015-06-18 13:24:28'),(528,1,407,9,'pool-2-thread-10','2015-06-18 13:24:28'),(529,7,407,2,'pool-2-thread-3','2015-06-18 13:24:28'),(530,5,407,3,'pool-2-thread-4','2015-06-18 13:24:28'),(531,3,407,6,'pool-2-thread-7','2015-06-18 13:24:28'),(532,2,407,7,'pool-2-thread-8','2015-06-18 13:24:28'),(533,6,407,4,'pool-2-thread-5','2015-06-18 13:24:28'),(534,10,407,8,'pool-2-thread-9','2015-06-18 13:24:28'),(535,1,414,0,'pool-4-thread-1, 8000 :+','2015-06-18 13:24:28'),(536,1,407,0,'pool-2-thread-1','2015-06-18 13:24:28'),(537,1,407,0,'pool-2-thread-1','2015-06-18 13:24:28'),(538,10,407,9,'pool-2-thread-10','2015-06-18 13:24:28'),(539,9,407,8,'pool-2-thread-9','2015-06-18 13:24:28'),(540,8,407,7,'pool-2-thread-8','2015-06-18 13:24:28'),(541,7,407,6,'pool-2-thread-7','2015-06-18 13:24:28'),(542,6,407,5,'pool-2-thread-6','2015-06-18 13:24:28'),(543,5,407,4,'pool-2-thread-5','2015-06-18 13:24:28'),(544,4,407,3,'pool-2-thread-4','2015-06-18 13:24:28'),(545,3,407,2,'pool-2-thread-3','2015-06-18 13:24:28'),(546,2,407,1,'pool-2-thread-2','2015-06-18 13:24:28'),(547,1,407,0,'pool-2-thread-1','2015-06-18 13:24:28'),(548,10,407,9,'pool-2-thread-10','2015-06-18 13:24:28'),(549,9,407,8,'pool-2-thread-9','2015-06-18 13:24:28'),(550,8,407,7,'pool-2-thread-8','2015-06-18 13:24:28'),(551,7,407,6,'pool-2-thread-7','2015-06-18 13:24:28'),(552,6,407,5,'pool-2-thread-6','2015-06-18 13:24:28'),(553,5,407,4,'pool-2-thread-5','2015-06-18 13:24:28'),(554,4,407,3,'pool-2-thread-4','2015-06-18 13:24:28'),(555,3,407,2,'pool-2-thread-3','2015-06-18 13:24:28'),(556,2,407,1,'pool-2-thread-2','2015-06-18 13:24:28'),(557,1,407,0,'pool-2-thread-1','2015-06-18 13:24:28'),(558,10,407,9,'pool-2-thread-10','2015-06-18 13:24:28'),(559,9,407,8,'pool-2-thread-9','2015-06-18 13:24:28'),(560,8,407,7,'pool-2-thread-8','2015-06-18 13:24:28'),(561,7,407,6,'pool-2-thread-7','2015-06-18 13:24:28'),(562,10,407,9,'pool-2-thread-10','2015-06-18 13:24:28'),(563,9,407,8,'pool-2-thread-9','2015-06-18 13:24:28'),(564,8,407,7,'pool-2-thread-8','2015-06-18 13:24:28'),(565,7,407,6,'pool-2-thread-7','2015-06-18 13:24:28'),(566,6,407,5,'pool-2-thread-6','2015-06-18 13:24:28'),(567,5,407,4,'pool-2-thread-5','2015-06-18 13:24:28'),(568,4,407,3,'pool-2-thread-4','2015-06-18 13:24:28'),(569,3,407,2,'pool-2-thread-3','2015-06-18 13:24:28'),(570,2,407,1,'pool-2-thread-2','2015-06-18 13:24:28'),(571,1,407,0,'pool-2-thread-1','2015-06-18 13:24:28'),(572,10,407,9,'pool-2-thread-10','2015-06-18 13:24:28'),(573,9,407,8,'pool-2-thread-9','2015-06-18 13:24:28'),(574,8,407,7,'pool-2-thread-8','2015-06-18 13:24:28'),(575,7,407,6,'pool-2-thread-7','2015-06-18 13:24:28'),(576,6,407,5,'pool-2-thread-6','2015-06-18 13:24:28'),(577,5,407,4,'pool-2-thread-5','2015-06-18 13:24:28'),(578,4,407,3,'pool-2-thread-4','2015-06-18 13:24:28'),(579,3,407,2,'pool-2-thread-3','2015-06-18 13:24:28'),(580,2,407,1,'pool-2-thread-2','2015-06-18 13:24:28'),(581,1,407,0,'pool-2-thread-1','2015-06-18 13:24:28'),(582,20,407,9,'pool-2-thread-10','2015-06-18 13:24:28'),(583,19,407,8,'pool-2-thread-9','2015-06-18 13:24:28'),(584,18,407,7,'pool-2-thread-8','2015-06-18 13:24:28'),(585,17,407,6,'pool-2-thread-7','2015-06-18 13:24:28'),(586,16,407,5,'pool-2-thread-6','2015-06-18 13:24:28'),(587,15,407,4,'pool-2-thread-5','2015-06-18 13:24:28'),(588,14,407,3,'pool-2-thread-4','2015-06-18 13:24:28'),(589,13,407,2,'pool-2-thread-3','2015-06-18 13:24:28'),(590,12,407,1,'pool-2-thread-2','2015-06-18 13:24:28'),(591,11,407,0,'pool-2-thread-1','2015-06-18 13:24:28'),(592,30,407,9,'pool-2-thread-1','2015-06-18 13:24:28'),(593,29,407,8,'pool-2-thread-2','2015-06-18 13:24:28'),(594,28,407,7,'pool-2-thread-3','2015-06-18 13:24:28'),(595,27,407,6,'pool-2-thread-4','2015-06-18 13:24:28'),(596,26,407,5,'pool-2-thread-5','2015-06-18 13:24:28'),(597,25,407,4,'pool-2-thread-6','2015-06-18 13:24:28'),(598,24,407,3,'pool-2-thread-7','2015-06-18 13:24:28'),(599,23,407,2,'pool-2-thread-8','2015-06-18 13:24:28'),(600,22,407,1,'pool-2-thread-9','2015-06-18 13:24:28'),(601,21,407,0,'pool-2-thread-10','2015-06-18 13:24:28'),(602,20,407,9,'pool-2-thread-10','2015-06-18 13:24:28'),(603,19,407,8,'pool-2-thread-9','2015-06-18 13:24:28'),(604,18,407,7,'pool-2-thread-8','2015-06-18 13:24:28'),(605,17,407,6,'pool-2-thread-7','2015-06-18 13:24:28'),(606,16,407,5,'pool-2-thread-6','2015-06-18 13:24:28'),(607,15,407,4,'pool-2-thread-5','2015-06-18 13:24:28'),(608,14,407,3,'pool-2-thread-4','2015-06-18 13:24:28'),(609,13,407,2,'pool-2-thread-3','2015-06-18 13:24:28'),(610,12,407,1,'pool-2-thread-2','2015-06-18 13:24:28'),(611,11,407,0,'pool-2-thread-1','2015-06-18 13:24:28'),(612,30,407,9,'pool-2-thread-1','2015-06-18 13:24:28'),(613,29,407,8,'pool-2-thread-2','2015-06-18 13:24:28'),(614,28,407,7,'pool-2-thread-3','2015-06-18 13:24:28'),(615,27,407,6,'pool-2-thread-4','2015-06-18 13:24:28'),(616,26,407,5,'pool-2-thread-5','2015-06-18 13:24:28'),(617,25,407,4,'pool-2-thread-6','2015-06-18 13:24:28'),(618,24,407,3,'pool-2-thread-7','2015-06-18 13:24:28'),(619,23,407,2,'pool-2-thread-8','2015-06-18 13:24:28'),(620,22,407,1,'pool-2-thread-9','2015-06-18 13:24:28'),(621,21,407,0,'pool-2-thread-10','2015-06-18 13:24:28'),(622,2,407,0,'pool-3-thread-1','2015-06-18 13:24:28'),(623,2,407,0,'pool-3-thread-1','2015-06-18 13:24:28'),(624,2,407,0,'pool-3-thread-1','2015-06-18 13:24:28'),(625,2,407,0,'pool-4-thread-1','2015-06-18 13:24:28'),(626,2,407,0,'pool-4-thread-1','2015-06-18 13:24:28'),(627,2,407,0,'pool-4-thread-1','2015-06-18 13:24:28'),(628,2,407,0,'pool-6-thread-1','2015-06-18 13:24:28'),(629,2,407,0,'pool-6-thread-1','2015-06-18 13:24:28'),(630,2,407,0,'pool-6-thread-1','2015-06-18 13:24:28'),(631,2,407,0,'pool-6-thread-1','2015-06-18 13:24:28'),(632,2,407,0,'pool-6-thread-1','2015-06-18 13:24:28'),(633,2,407,0,'pool-6-thread-1','2015-06-18 13:24:28'),(634,2,407,0,'pool-6-thread-1','2015-06-18 13:24:28'),(635,2,407,0,'pool-6-thread-1','2015-06-18 13:24:28'),(636,2,407,0,'pool-6-thread-1','2015-06-18 13:24:28'),(637,2,407,0,'pool-6-thread-1','2015-06-18 13:24:28'),(638,2,407,0,'pool-6-thread-1','2015-06-18 13:24:28'),(639,11,407,0,'pool-4-thread-1','2015-06-18 13:24:28'),(640,12,407,1,'pool-4-thread-2','2015-06-18 13:24:28'),(641,13,407,2,'pool-4-thread-3','2015-06-18 13:24:28'),(642,14,407,3,'pool-4-thread-4','2015-06-18 13:24:28'),(643,15,407,4,'pool-4-thread-5','2015-06-18 13:24:28'),(644,16,407,5,'pool-4-thread-6','2015-06-18 13:24:28'),(645,17,407,6,'pool-4-thread-7','2015-06-18 13:24:28'),(646,18,407,7,'pool-4-thread-8','2015-06-18 13:24:28'),(647,19,407,8,'pool-4-thread-9','2015-06-18 13:24:28'),(648,20,407,9,'pool-4-thread-10','2015-06-18 13:24:28'),(649,21,407,0,'pool-4-thread-10','2015-06-18 13:24:28'),(650,22,407,1,'pool-4-thread-9','2015-06-18 13:24:28'),(651,23,407,2,'pool-4-thread-8','2015-06-18 13:24:28'),(652,24,407,3,'pool-4-thread-7','2015-06-18 13:24:28'),(653,25,407,4,'pool-4-thread-6','2015-06-18 13:24:28'),(654,26,407,5,'pool-4-thread-5','2015-06-18 13:24:28'),(655,27,407,6,'pool-4-thread-4','2015-06-18 13:24:28'),(656,28,407,7,'pool-4-thread-3','2015-06-18 13:24:28'),(657,29,407,8,'pool-4-thread-2','2015-06-18 13:24:28'),(658,30,407,9,'pool-4-thread-1','2015-06-18 13:24:28'),(666,18,407,7,'pool-4-thread-8','2015-06-18 13:24:28'),(667,19,407,8,'pool-4-thread-9','2015-06-18 13:24:28'),(668,20,407,9,'pool-4-thread-10','2015-06-18 13:24:28'),(669,11,408,0,'pool-5-thread-10','2015-06-18 13:24:28'),(670,12,408,1,'pool-5-thread-9','2015-06-18 13:24:28'),(671,13,408,2,'pool-5-thread-8','2015-06-18 13:24:28'),(672,14,408,3,'pool-5-thread-7','2015-06-18 13:24:28'),(673,15,408,4,'pool-5-thread-6','2015-06-18 13:24:28'),(674,16,408,5,'pool-5-thread-5','2015-06-18 13:24:28'),(675,17,408,6,'pool-5-thread-4','2015-06-18 13:24:28'),(676,18,408,7,'pool-5-thread-3','2015-06-18 13:24:28'),(677,19,408,8,'pool-5-thread-2','2015-06-18 13:24:28'),(678,20,408,9,'pool-5-thread-1','2015-06-18 13:24:28'),(679,11,407,0,'pool-4-thread-1','2015-06-18 13:24:28'),(680,12,407,1,'pool-4-thread-2','2015-06-18 13:24:28'),(681,13,407,2,'pool-4-thread-3','2015-06-18 13:24:28'),(682,14,407,3,'pool-4-thread-4','2015-06-18 13:24:28'),(683,15,407,4,'pool-4-thread-5','2015-06-18 13:24:28'),(684,16,407,5,'pool-4-thread-6','2015-06-18 13:24:28'),(685,17,407,6,'pool-4-thread-7','2015-06-18 13:24:28'),(686,18,407,7,'pool-4-thread-8','2015-06-18 13:24:28'),(687,19,407,8,'pool-4-thread-9','2015-06-18 13:24:28'),(688,20,407,9,'pool-4-thread-10','2015-06-18 13:24:28'),(689,21,407,0,'pool-4-thread-10','2015-06-18 13:24:28'),(690,22,407,1,'pool-4-thread-9','2015-06-18 13:24:28'),(691,23,407,2,'pool-4-thread-8','2015-06-18 13:24:28'),(692,24,407,3,'pool-4-thread-7','2015-06-18 13:24:28'),(693,25,407,4,'pool-4-thread-6','2015-06-18 13:24:28'),(694,26,407,5,'pool-4-thread-5','2015-06-18 13:24:28'),(695,27,407,6,'pool-4-thread-4','2015-06-18 13:24:28'),(696,28,407,7,'pool-4-thread-3','2015-06-18 13:24:28'),(697,29,407,8,'pool-4-thread-2','2015-06-18 13:24:28'),(698,30,407,9,'pool-4-thread-1','2015-06-18 13:24:28'),(699,11,407,0,'pool-4-thread-1','2015-06-18 13:24:28'),(700,12,407,1,'pool-4-thread-2','2015-06-18 13:24:28'),(701,13,407,2,'pool-4-thread-3','2015-06-18 13:24:28'),(702,14,407,3,'pool-4-thread-4','2015-06-18 13:24:28'),(703,15,407,4,'pool-4-thread-5','2015-06-18 13:24:28'),(704,16,407,5,'pool-4-thread-6','2015-06-18 13:24:28'),(705,17,407,6,'pool-4-thread-7','2015-06-18 13:24:28'),(706,18,407,7,'pool-4-thread-8','2015-06-18 13:24:28'),(707,19,407,8,'pool-4-thread-9','2015-06-18 13:24:28'),(708,20,407,9,'pool-4-thread-10','2015-06-18 13:24:28'),(709,21,407,0,'pool-4-thread-10','2015-06-18 13:24:28'),(710,22,407,1,'pool-4-thread-9','2015-06-18 13:24:28'),(711,23,407,2,'pool-4-thread-8','2015-06-18 13:24:28'),(712,24,407,3,'pool-4-thread-7','2015-06-18 13:24:28'),(713,25,407,4,'pool-4-thread-6','2015-06-18 13:24:28'),(714,26,407,5,'pool-4-thread-5','2015-06-18 13:24:28'),(715,27,407,6,'pool-4-thread-4','2015-06-18 13:24:28'),(716,28,407,7,'pool-4-thread-3','2015-06-18 13:24:28'),(717,29,407,8,'pool-4-thread-2','2015-06-18 13:24:28'),(718,30,407,9,'pool-4-thread-1','2015-06-18 13:24:28'),(719,11,407,0,'pool-4-thread-1','2015-06-18 13:24:28'),(720,12,407,1,'pool-4-thread-2','2015-06-18 13:24:28'),(721,13,407,2,'pool-4-thread-3','2015-06-18 13:24:28'),(722,14,407,3,'pool-4-thread-4','2015-06-18 13:24:28'),(723,15,407,4,'pool-4-thread-5','2015-06-18 13:24:28'),(724,16,407,5,'pool-4-thread-6','2015-06-18 13:24:28'),(725,17,407,6,'pool-4-thread-7','2015-06-18 13:24:28'),(726,18,407,7,'pool-4-thread-8','2015-06-18 13:24:28'),(727,19,407,8,'pool-4-thread-9','2015-06-18 13:24:28'),(728,20,407,9,'pool-4-thread-10','2015-06-18 13:24:28'),(729,21,407,0,'pool-4-thread-10','2015-06-18 13:24:28'),(730,22,407,1,'pool-4-thread-9','2015-06-18 13:24:28'),(731,23,407,2,'pool-4-thread-8','2015-06-18 13:24:28'),(732,24,407,3,'pool-4-thread-7','2015-06-18 13:24:28'),(733,25,407,4,'pool-4-thread-6','2015-06-18 13:24:28'),(734,26,407,5,'pool-4-thread-5','2015-06-18 13:24:28'),(735,27,407,6,'pool-4-thread-4','2015-06-18 13:24:28'),(736,28,407,7,'pool-4-thread-3','2015-06-18 13:24:28'),(737,29,407,8,'pool-4-thread-2','2015-06-18 13:24:28'),(738,30,407,9,'pool-4-thread-1','2015-06-18 13:24:28'),(739,11,407,0,'pool-4-thread-1','2015-06-18 13:24:28'),(740,12,407,1,'pool-4-thread-2','2015-06-18 13:24:28'),(741,13,407,2,'pool-4-thread-3','2015-06-18 13:24:28'),(742,14,407,3,'pool-4-thread-4','2015-06-18 13:24:28'),(743,15,407,4,'pool-4-thread-5','2015-06-18 13:24:28'),(744,16,407,5,'pool-4-thread-6','2015-06-18 13:24:28'),(745,17,407,6,'pool-4-thread-7','2015-06-18 13:24:28'),(746,18,407,7,'pool-4-thread-8','2015-06-18 13:24:28'),(747,19,407,8,'pool-4-thread-9','2015-06-18 13:24:28'),(748,20,407,9,'pool-4-thread-10','2015-06-18 13:24:28'),(749,21,407,0,'pool-4-thread-10','2015-06-18 13:24:28'),(750,22,407,1,'pool-4-thread-9','2015-06-18 13:24:28'),(751,23,407,2,'pool-4-thread-8','2015-06-18 13:24:28'),(752,24,407,3,'pool-4-thread-7','2015-06-18 13:24:28'),(753,25,407,4,'pool-4-thread-6','2015-06-18 13:24:28'),(754,26,407,5,'pool-4-thread-5','2015-06-18 13:24:28'),(755,27,407,6,'pool-4-thread-4','2015-06-18 13:24:28'),(756,28,407,7,'pool-4-thread-3','2015-06-18 13:24:28'),(757,29,407,8,'pool-4-thread-2','2015-06-18 13:24:28'),(758,30,407,9,'pool-4-thread-1','2015-06-18 13:24:28'),(759,11,408,0,'pool-5-thread-10','2015-06-18 13:24:28'),(760,12,408,1,'pool-5-thread-9','2015-06-18 13:24:28'),(761,13,408,2,'pool-5-thread-8','2015-06-18 13:24:28'),(762,14,408,3,'pool-5-thread-7','2015-06-18 13:24:28'),(763,15,408,4,'pool-5-thread-6','2015-06-18 13:24:28'),(764,16,408,5,'pool-5-thread-5','2015-06-18 13:24:28'),(765,17,408,6,'pool-5-thread-4','2015-06-18 13:24:28'),(766,18,408,7,'pool-5-thread-3','2015-06-18 13:24:28'),(767,19,408,8,'pool-5-thread-2','2015-06-18 13:24:28'),(768,20,408,9,'pool-5-thread-1','2015-06-18 13:24:28'),(769,11,408,0,'pool-5-thread-10','2015-06-18 13:24:28'),(770,12,408,1,'pool-5-thread-9','2015-06-18 13:24:28'),(771,13,408,2,'pool-5-thread-8','2015-06-18 13:24:28'),(772,14,408,3,'pool-5-thread-7','2015-06-18 13:24:28'),(773,15,408,4,'pool-5-thread-6','2015-06-18 13:24:28'),(774,16,408,5,'pool-5-thread-5','2015-06-18 13:24:28'),(775,17,408,6,'pool-5-thread-4','2015-06-18 13:24:28'),(776,18,408,7,'pool-5-thread-3','2015-06-18 13:24:28'),(777,19,408,8,'pool-5-thread-2','2015-06-18 13:24:28'),(778,20,408,9,'pool-5-thread-1','2015-06-18 13:24:28'),(779,11,408,0,'pool-5-thread-10','2015-06-18 13:24:28'),(780,12,408,1,'pool-5-thread-9','2015-06-18 13:24:28'),(781,13,408,2,'pool-5-thread-8','2015-06-18 13:24:28'),(782,14,408,3,'pool-5-thread-7','2015-06-18 13:24:28'),(783,15,408,4,'pool-5-thread-6','2015-06-18 13:24:28'),(784,16,408,5,'pool-5-thread-5','2015-06-18 13:24:28'),(785,17,408,6,'pool-5-thread-4','2015-06-18 13:24:28'),(786,18,408,7,'pool-5-thread-3','2015-06-18 13:24:28'),(787,19,408,8,'pool-5-thread-2','2015-06-18 13:24:28'),(788,20,408,9,'pool-5-thread-1','2015-06-18 13:24:28'),(789,11,408,0,'pool-5-thread-10','2015-06-18 13:24:28'),(790,12,408,1,'pool-5-thread-9','2015-06-18 13:24:28'),(791,13,408,2,'pool-5-thread-8','2015-06-18 13:24:28'),(792,14,408,3,'pool-5-thread-7','2015-06-18 13:24:28'),(793,15,408,4,'pool-5-thread-6','2015-06-18 13:24:28'),(794,16,408,5,'pool-5-thread-5','2015-06-18 13:24:28'),(795,17,408,6,'pool-5-thread-4','2015-06-18 13:24:28'),(796,18,408,7,'pool-5-thread-3','2015-06-18 13:24:28'),(797,19,408,8,'pool-5-thread-2','2015-06-18 13:24:28'),(798,20,408,9,'pool-5-thread-1','2015-06-18 13:24:28'),(799,1,407,0,'pool-5-thread-1','2015-06-18 13:24:28'),(800,2,406,1,'pool-5-thread-2','2015-06-18 13:24:28'),(801,3,405,2,'pool-5-thread-3','2015-06-18 13:24:28'),(802,4,404,3,'pool-5-thread-4','2015-06-18 13:24:28'),(803,5,403,4,'pool-5-thread-5','2015-06-18 13:24:28'),(804,6,402,5,'pool-5-thread-6','2015-06-18 13:24:28'),(805,7,401,6,'pool-5-thread-7','2015-06-18 13:24:28'),(806,8,400,7,'pool-5-thread-8','2015-06-18 13:24:28'),(807,9,399,8,'pool-5-thread-9','2015-06-18 13:24:28'),(808,10,398,9,'pool-5-thread-10','2015-06-18 13:24:28'),(809,3,397,2,'pool-5-thread-3','2015-06-18 13:24:28'),(810,2,396,1,'pool-5-thread-2','2015-06-18 13:24:28'),(811,1,395,0,'pool-5-thread-1','2015-06-18 13:24:28'),(812,4,394,3,'pool-5-thread-4','2015-06-18 13:24:28'),(813,5,393,4,'pool-5-thread-5','2015-06-18 13:24:28'),(814,7,392,6,'pool-5-thread-7','2015-06-18 13:24:28'),(815,8,391,7,'pool-5-thread-8','2015-06-18 13:24:28'),(816,6,390,5,'pool-5-thread-6','2015-06-18 13:24:28'),(820,4,388,3,'pool-5-thread-4','2015-06-18 13:24:28'),(821,7,387,6,'pool-5-thread-7','2015-06-18 13:24:28'),(822,9,386,8,'pool-5-thread-9','2015-06-18 13:24:28'),(823,2,385,1,'pool-5-thread-2','2015-06-18 13:24:28'),(824,8,384,7,'pool-5-thread-8','2015-06-18 13:24:28'),(825,10,383,9,'pool-5-thread-10','2015-06-18 13:24:28'),(826,2,382,1,'pool-5-thread-2','2015-06-18 13:24:28'),(828,6,381,5,'pool-5-thread-6','2015-06-18 13:24:28'),(829,1,380,0,'pool-5-thread-1','2015-06-18 13:24:28'),(830,8,379,7,'pool-5-thread-8','2015-06-18 13:24:28'),(831,9,378,8,'pool-5-thread-9','2015-06-18 13:24:28'),(832,7,377,6,'pool-5-thread-7','2015-06-18 13:24:28'),(833,4,376,3,'pool-5-thread-4','2015-06-18 13:24:28'),(834,5,375,4,'pool-5-thread-5','2015-06-18 13:24:28'),(835,2,374,1,'pool-5-thread-2','2015-06-18 13:24:28'),(837,6,373,5,'pool-5-thread-6','2015-06-18 13:24:28'),(838,5,372,4,'pool-5-thread-5','2015-06-18 13:24:28'),(839,7,371,6,'pool-5-thread-7','2015-06-18 13:24:28'),(840,9,370,8,'pool-5-thread-9','2015-06-18 13:24:28'),(841,2,369,1,'pool-5-thread-2','2015-06-18 13:24:28'),(842,4,368,3,'pool-5-thread-4','2015-06-18 13:24:28'),(843,10,367,9,'pool-5-thread-10','2015-06-18 13:24:28'),(844,1,366,0,'pool-5-thread-1','2015-06-18 13:24:28'),(845,8,365,7,'pool-5-thread-8','2015-06-18 13:24:28'),(846,3,364,2,'pool-5-thread-3','2015-06-18 13:24:28'),(847,8,365,7,'pool-5-thread-8','2015-06-18 13:24:28'),(848,3,365,2,'pool-5-thread-3','2015-06-18 13:24:28'),(849,5,365,4,'pool-5-thread-5','2015-06-18 13:24:28'),(850,9,365,8,'pool-5-thread-9','2015-06-18 13:24:28'),(851,4,365,3,'pool-5-thread-4','2015-06-18 13:24:28'),(852,7,365,6,'pool-5-thread-7','2015-06-18 13:24:28'),(853,6,365,5,'pool-5-thread-6','2015-06-18 13:24:28'),(854,1,365,0,'pool-5-thread-1','2015-06-18 13:24:28'),(855,2,365,1,'pool-5-thread-2','2015-06-18 13:24:28'),(856,10,365,9,'pool-5-thread-10','2015-06-18 13:24:28'),(857,10,365,9,'pool-5-thread-10','2015-06-18 13:24:28'),(858,8,365,7,'pool-5-thread-8','2015-06-18 13:24:28'),(859,6,365,5,'pool-5-thread-6','2015-06-18 13:24:28'),(860,1,365,0,'pool-5-thread-1','2015-06-18 13:24:28'),(861,5,365,4,'pool-5-thread-5','2015-06-18 13:24:28'),(862,9,365,8,'pool-5-thread-9','2015-06-18 13:24:28'),(863,4,365,3,'pool-5-thread-4','2015-06-18 13:24:28'),(864,3,365,2,'pool-5-thread-3','2015-06-18 13:24:28'),(865,7,365,6,'pool-5-thread-7','2015-06-18 13:24:28'),(866,2,365,1,'pool-5-thread-2','2015-06-18 13:24:28'),(867,2,364,0,'pool-6-thread-1','2015-06-18 13:24:28'),(868,2,364,0,'pool-6-thread-1','2015-06-18 13:24:28'),(869,1,261,0,'pool-2-thread-1','2015-06-18 13:24:28'),(870,1,251,0,'pool-2-thread-1','2015-06-18 13:24:28'),(871,1,245,0,'pool-2-thread-1','2015-06-18 13:24:28'),(872,1,235,0,'pool-2-thread-1','2015-06-18 13:24:28'),(873,1,235,0,'pool-2-thread-1','2015-06-18 13:24:28'),(874,1,225,0,'pool-2-thread-1','2015-06-18 13:24:28'),(875,1,215,0,'pool-2-thread-1','2015-06-18 13:24:28'),(876,1,205,0,'pool-2-thread-1','2015-06-18 13:24:28'),(877,1,195,0,'pool-2-thread-1','2015-06-18 13:24:28'),(878,1,185,0,'pool-2-thread-1','2015-06-18 13:24:28'),(879,2,175,0,'pool-4-thread-1','2015-06-18 13:24:28'),(880,2,175,0,'pool-4-thread-1','2015-06-18 13:24:28'),(881,2,175,0,'pool-2-thread-1','2015-06-18 13:24:28'),(882,2,165,0,'pool-2-thread-1','2015-06-18 13:24:28'),(883,2,145,0,'pool-2-thread-1','2015-06-18 13:24:28'),(884,2,135,0,'pool-2-thread-1','2015-06-18 13:24:28'),(885,2,125,0,'pool-2-thread-1','2015-06-18 13:24:28'),(886,2,115,0,'pool-2-thread-1','2015-06-18 13:24:28'),(887,2,115,0,'pool-2-thread-1','2015-06-18 13:24:28'),(888,2,105,0,'pool-2-thread-1','2015-06-18 13:24:28'),(889,2,85,0,'pool-2-thread-1','2015-06-18 13:24:28'),(890,2,75,0,'pool-2-thread-1','2015-06-18 13:24:28'),(891,2,65,0,'pool-2-thread-1','2015-06-18 13:24:28'),(892,2,55,0,'pool-2-thread-1','2015-06-18 13:24:28'),(893,2,55,0,'pool-2-thread-1','2015-06-18 13:24:28'),(894,2,45,0,'pool-4-thread-1','2015-06-18 13:24:28'),(895,2,45,0,'pool-4-thread-1','2015-06-18 13:24:28'),(896,2,45,0,'pool-4-thread-1','2015-06-18 13:24:28'),(897,2,45,0,'pool-4-thread-1','2015-06-18 13:24:28'),(898,2,45,0,'pool-4-thread-1','2015-06-18 13:24:28'),(899,2,551,0,'pool-11-thread-10, 1000 :+','2015-06-18 13:24:28'),(900,1,45,0,'pool-6-thread-1','2015-06-18 13:24:28'),(901,1,45,0,'pool-6-thread-1','2015-06-18 13:24:28'),(902,1,45,0,'pool-6-thread-1','2015-06-18 13:24:28'),(903,1,45,0,'pool-6-thread-1','2015-06-18 13:24:28'),(904,1,45,0,'pool-6-thread-1','2015-06-18 13:24:28'),(906,1,45,0,'pool-6-thread-1','2015-06-18 13:24:28'),(907,1,45,0,'pool-6-thread-1','2015-06-18 13:24:28'),(908,1,45,0,'pool-6-thread-1','2015-06-18 13:24:28'),(909,1,45,0,'pool-6-thread-1','2015-06-18 13:24:28'),(910,1,35,0,'pool-6-thread-1','2015-06-18 13:24:28'),(911,1,35,0,'pool-6-thread-1','2015-06-18 13:24:28'),(912,2,35,0,'pool-6-thread-1','2015-06-18 13:24:28'),(913,3,35,0,'pool-6-thread-1','2015-06-18 13:24:28'),(914,4,34,0,'pool-6-thread-1','2015-06-18 13:24:28'),(915,1,34,0,'pool-6-thread-1','2015-06-18 13:24:28'),(916,2,34,0,'pool-6-thread-1','2015-06-18 13:24:28'),(917,3,34,0,'pool-6-thread-1','2015-06-18 13:24:28'),(918,4,33,0,'pool-6-thread-1','2015-06-18 13:24:28'),(919,5,33,0,'pool-6-thread-1','2015-06-18 13:24:28'),(920,1,33,0,'pool-6-thread-1','2015-06-18 13:24:28'),(921,2,33,0,'pool-6-thread-1','2015-06-18 13:24:28'),(922,3,33,0,'pool-6-thread-1','2015-06-18 13:24:28'),(923,4,32,0,'pool-6-thread-1','2015-06-18 13:24:28'),(924,5,32,0,'pool-6-thread-1','2015-06-18 13:24:28'),(925,6,32,0,'pool-6-thread-1','2015-06-18 13:24:28'),(926,7,32,0,'pool-6-thread-1','2015-06-18 13:24:28'),(927,1,22,0,'pool-6-thread-1','2015-06-18 13:24:28'),(928,2,22,0,'pool-6-thread-1','2015-06-18 13:24:28'),(929,3,22,0,'pool-6-thread-1','2015-06-18 13:24:28'),(930,4,21,0,'pool-6-thread-1','2015-06-18 13:24:28'),(931,5,21,0,'pool-6-thread-1','2015-06-18 13:24:28'),(932,6,21,0,'pool-6-thread-1','2015-06-18 13:24:28'),(933,7,21,0,'pool-6-thread-1','2015-06-18 13:24:28'),(934,1,11,0,'pool-6-thread-1','2015-06-18 13:24:28'),(935,2,11,0,'pool-6-thread-1','2015-06-18 13:24:28'),(936,3,11,0,'pool-6-thread-1','2015-06-18 13:24:28'),(937,4,10,0,'pool-6-thread-1','2015-06-18 13:24:28'),(938,5,10,0,'pool-6-thread-1','2015-06-18 13:24:28'),(939,6,10,0,'pool-6-thread-1','2015-06-18 13:24:28'),(940,7,10,0,'pool-6-thread-1','2015-06-18 13:24:28'),(941,1,0,0,'pool-8-thread-1','2015-06-18 14:11:40'),(942,1,0,0,'pool-8-thread-1','2015-06-18 14:19:11'),(943,1,0,0,'pool-8-thread-1','2015-06-22 06:59:41'),(944,2,0,0,'pool-8-thread-1','2015-06-22 06:59:50'),(945,1,0,0,'pool-8-thread-1','2015-06-22 07:07:18'),(946,2,22,0,'pool-2-thread-1:-','2015-06-22 07:07:27');
/*!40000 ALTER TABLE `INVOICE_NUMBER` ENABLE KEYS */;
UNLOCK TABLES;

--
-- Table structure for table `query_request_hub`
--

DROP TABLE IF EXISTS `query_request_hub`;
/*!40101 SET @saved_cs_client     = @@character_set_client */;
/*!40101 SET character_set_client = utf8 */;
CREATE TABLE `query_request_hub` (
  `id` bigint(20) unsigned NOT NULL AUTO_INCREMENT,
  `code_q` varchar(34) COLLATE latin1_general_ci NOT NULL,
  `query_request_info_id` bigint(20) unsigned NOT NULL,
  PRIMARY KEY (`id`),
  KEY `fk_query_request_info_id` (`query_request_info_id`),
  KEY `fk_query_request` (`code_q`),
  CONSTRAINT `fk_query_request_info_id` FOREIGN KEY (`query_request_info_id`) REFERENCES `query_request_info` (`id`) ON DELETE CASCADE,
  CONSTRAINT `fk_query_request` FOREIGN KEY (`code_q`) REFERENCES `query_request_info` (`code`) ON DELETE CASCADE
) ENGINE=InnoDB DEFAULT CHARSET=latin1 COLLATE=latin1_general_ci;
/*!40101 SET character_set_client = @saved_cs_client */;

--
-- Dumping data for table `query_request_hub`
--

LOCK TABLES `query_request_hub` WRITE;
/*!40000 ALTER TABLE `query_request_hub` DISABLE KEYS */;
/*!40000 ALTER TABLE `query_request_hub` ENABLE KEYS */;
UNLOCK TABLES;

--
-- Table structure for table `query_request_info`
--

DROP TABLE IF EXISTS `query_request_info`;
/*!40101 SET @saved_cs_client     = @@character_set_client */;
/*!40101 SET character_set_client = utf8 */;
CREATE TABLE `query_request_info` (
  `id` bigint(20) unsigned NOT NULL AUTO_INCREMENT,
  `code` varchar(34) COLLATE latin1_general_ci NOT NULL,
  PRIMARY KEY (`id`),
  UNIQUE KEY `code` (`code`)
) ENGINE=InnoDB DEFAULT CHARSET=latin1 COLLATE=latin1_general_ci;
/*!40101 SET character_set_client = @saved_cs_client */;

--
-- Dumping data for table `query_request_info`
--

LOCK TABLES `query_request_info` WRITE;
/*!40000 ALTER TABLE `query_request_info` DISABLE KEYS */;
/*!40000 ALTER TABLE `query_request_info` ENABLE KEYS */;
UNLOCK TABLES;
/*!40103 SET TIME_ZONE=@OLD_TIME_ZONE */;

/*!40101 SET SQL_MODE=@OLD_SQL_MODE */;
/*!40014 SET FOREIGN_KEY_CHECKS=@OLD_FOREIGN_KEY_CHECKS */;
/*!40014 SET UNIQUE_CHECKS=@OLD_UNIQUE_CHECKS */;
/*!40101 SET CHARACTER_SET_CLIENT=@OLD_CHARACTER_SET_CLIENT */;
/*!40101 SET CHARACTER_SET_RESULTS=@OLD_CHARACTER_SET_RESULTS */;
/*!40101 SET COLLATION_CONNECTION=@OLD_COLLATION_CONNECTION */;
/*!40111 SET SQL_NOTES=@OLD_SQL_NOTES */;

-- Dump completed on 2015-08-19 16:14:05
